Time,Block #,Address,Balance,Identity A,Logo A,Identity B,Logo B
2021-10-27 19:29:53,7442691,5CRvXUKwLDzFM1u9reZ1quf14pNbsw27EZWCBxPMmpydBfYV,32378733457284,100,100,0,0
2021-10-27 19:30:02,7442703,5CRvXUKwLDzFM1u9reZ1quf14pNbsw27EZWCBxPMmpydBfYV,32378733457284,100,100,0,0
2021-10-27 19:30:09,7442712,5CRvXUKwLDzFM1u9reZ1quf14pNbsw27EZWCBxPMmpydBfYV,32378733457284,100,100,0,0
2021-10-27 19:31:40,7442844,5HjZCeVcUVpThHNMyMBMKqN5ajph9CkDmZhn9BK48TmC3K4Y,10845999986,50,50,50,50
2021-10-27 19:31:50,7442857,5CkuDJdN1o9gd2SiNBLKFmQaTXrv7y9qBHgoGviUhGAiQe7i,3745156314818,75,100,25,0
2021-10-27 19:33:08,7442966,5HJvVQcK2KQo1U68h1UGWwiBFbpqxRawqzEARkiSvPFfgfgd,10020000000000,100,0,0,100
2021-10-27 19:37:20,7443323,5CDFBYR8g2arcRhUjKy6voMCuYBdqM19B2qK425qAARHLf3D,1076700000000,0,100,100,0
2021-10-27 19:37:25,7443330,5Fnsj7H82GEKSmouvbaJCd4nGBWHdLzLxjaem4ZL3t4NaDBe,12381732343911,75,100,25,0
2021-10-27 19:39:26,7443501,5Cto8eoXrwHhLS5oiovtTxAqqVGvWZAZs322fbGmWPSoBgpg,28484999861,100,0,0,100
2021-10-27 19:39:32,7443511,5F9EmNA8jSLkhYWgcu6Ci9oirajKpdVBXqGVP5vwe9Cw8SwR,17005815885055,100,0,0,100
2021-10-27 19:39:32,7443580,5GKhPNXQ3HEqF1YRmmz6xTL4UH2H2njQQpSdxDjcUzWAznG3,14843999986,100,0,0,100
2021-10-27 19:40:27,7443587,5GKhPNXQ3HEqF1YRmmz6xTL4UH2H2njQQpSdxDjcUzWAznG3,14843999986,100,0,0,100
2021-10-27 19:40:51,7443621,5Fj8wa979uh6QpeC393oUr5tqE8df1YTmuNDPAfDEwcJoeEx,2659466480110,100,0,0,100
2021-10-27 19:41:06,7443642,5CRvXUKwLDzFM1u9reZ1quf14pNbsw27EZWCBxPMmpydBfYV,32378733457284,100,100,0,0
2021-10-27 19:43:27,7443839,5EEcwapss8y4W7ir7afQoFTHfeDhxXGZCDmGYX66SrNi37AW,30667858844732,100,100,0,0
2021-10-27 19:43:29,7443843,5HVbvK6yn3rknaeo5JYUxfgEf4bmzUBRxGVzU5xuSNLsAfuy,2372079076608,100,100,0,0
2021-10-27 19:43:44,7443865,5HAhQVnDuamqYpE5NYGszG9Bmt5nYsTb9odmmXHDMi5sLfaC,1521214483413,100,0,0,100
2021-10-27 19:43:54,7443880,5EVbQ3JRULp7oPL7pGBKiSb7FWJyktdWcy5VE7xqqVhbcdZW,1369631304670,0,0,100,100
2021-10-27 19:44:25,7443924,5HHV1YT8ifEGHhjRbCphVFSdQJ9MZRYkSGm2Qa8BwizSZ3dc,14806760000,0,100,100,0
2021-10-27 19:44:29,7443930,5H4EpDhs6dv46iwLTSXQ2W6SeA6MBHLz3gRSE79QKW8npZ4a,4517117212564,100,100,0,0
2021-10-27 19:44:32,7443934,5H4D6bhzQ8fLC9hAwpWFo9iMA2tbHXg4E6bt5amS1RhaA16V,15422156235451,0,75,100,25
2021-10-27 19:44:59,7443971,5HNKteiQdM7jQyASxjBfbCoDX4TSv5cx5Shg6USqTJLoqfBV,112555534069,100,100,0,0
2021-10-27 19:45:21,7444002,5CRvXUKwLDzFM1u9reZ1quf14pNbsw27EZWCBxPMmpydBfYV,32378733457284,100,100,0,0
2021-10-27 19:45:34,7444020,5CRvXUKwLDzFM1u9reZ1quf14pNbsw27EZWCBxPMmpydBfYV,32378733457284,100,100,0,0
2021-10-27 19:45:46,7444038,5GBw5o91TwwLwpj24ucJimWZhpg9bc5W9mBTMERjiaYYsENd,4242614486133,0,100,100,0
2021-10-27 19:45:56,7444052,5D7YxCNiMM75yPq4SkkuPhVMMKAxuQCkZrH4zdv7j2oeFYMj,13589000000,100,0,0,100
2021-10-27 19:46:20,7444085,5F7ajsgSMLdU7xtHraV5PJuogFRok3ipD2i93UFjJykzoqEb,73601100956,0,100,100,0
2021-10-27 19:46:27,7444096,5F7ajsgSMLdU7xtHraV5PJuogFRok3ipD2i93UFjJykzoqEb,73601100956,25,50,75,50
2021-10-27 19:47:15,7444141,5FbbLV7w8Mcxjw1w268yajQFMRkqbFuHFj2yrzMqwcNZfcji,40737399994,0,100,100,0
2021-10-27 19:47:28,7444158,5FLRwuhcsdzGWcLW5CdWmbyUktR99RyeFyNfgmS7ymb4sj7H,17826599902,0,100,100,0
2021-10-27 19:47:38,7444172,5FeDmTJHozDrHR8aK2kUMUTBqmzwVoX4xdkBQx5BaSLyAK1G,20000000000,0,100,100,0
2021-10-27 19:47:44,7444181,5F7ajsgSMLdU7xtHraV5PJuogFRok3ipD2i93UFjJykzoqEb,73601100956,0,75,100,25
2021-10-27 19:47:50,7444189,5CzSYuGT8kWAgR1KUkKD6cietBedTBNtqX5RghPA1eXiM5yB,8385501716641,0,100,100,0
2021-10-27 19:47:51,7444191,5Cqxuwyoi2LNkUYRmdwSBhkJNubhmfeeRzV12mLNtKY84saS,580175838300,25,75,75,25
2021-10-27 19:47:58,7444200,5ED2JFu8t9wHdiWUTxBRGnNzrk9fnBnCnQ1AMrqWhPghrA75,803302000000,50,100,50,0
2021-10-27 19:48:01,7444204,5F99ZVYg7XSauDKgEDFtbbQ8tJbp9EZv1NirqYZQHwsV9jwP,88354000000,50,50,50,50
2021-10-27 19:48:03,7444207,5GpCZLskhNWozDGBbBCdAGjjoHxBncdtLiYAwgRZN78PTHZb,2632289735100,0,100,100,0
2021-10-27 19:48:17,7444228,5FF6KEDwmLNtAxcAHGc6Kitu6xhYQMKTzMjYeRhea2fG9ces,969551999938,0,100,100,0
2021-10-27 19:49:43,7444346,5F2BgqJP5zyRSiy12jgT9kBvEjyWNUdkdKoycNcv4emisafV,3267483651865,100,75,0,25
2021-10-27 19:52:13,7444392,5Guc6TyNGas58QvtbdxaxKkZtGFLodNHLNNf9adqmKZfS6no,3297365483600,100,75,0,25
2021-10-27 19:53:32,7444405,5FLR8GVFCNAVwqeWvb25vqEdHzebgGNNCivjuoAQ9sQb3JFb,267822922000,25,100,75,0
2021-10-27 19:54:44,7444417,5CXHVr32PQisKUsPkZkrjT1tiU2pnkkjQUmyX4gHknEouHgn,65632999986,0,50,100,50
2021-10-27 19:55:37,7444426,5CXHVr32PQisKUsPkZkrjT1tiU2pnkkjQUmyX4gHknEouHgn,65632999986,25,25,75,75
2021-10-27 20:09:14,7444562,5CDqYKkAUan7pzbzNw81NAd1BCNYPk8ryZjahrqXyfmaLrf1,11150769174,50,50,50,50
2021-10-27 20:09:55,7444569,5CDqYKkAUan7pzbzNw81NAd1BCNYPk8ryZjahrqXyfmaLrf1,11150769174,0,100,100,0
2021-10-27 20:25:33,7444724,5HmNg7pkCwChMrxUNpdhsUTntkTNoU22S2cWJDQtCiJcDc7w,125702999900,50,50,50,50
2021-10-27 20:26:39,7444735,5DodrUJxJK5TKjrc8CKa3B4gYj7kW5yZEhB57biwFAq6U72u,13153999916,50,50,50,50
2021-10-27 20:27:09,7444740,5DodrUJxJK5TKjrc8CKa3B4gYj7kW5yZEhB57biwFAq6U72u,13153999916,0,50,100,50
2021-10-27 20:27:13,7444741,5DodrUJxJK5TKjrc8CKa3B4gYj7kW5yZEhB57biwFAq6U72u,13153999916,0,50,100,50
2021-10-27 20:27:38,7444745,5DodrUJxJK5TKjrc8CKa3B4gYj7kW5yZEhB57biwFAq6U72u,13153999916,50,50,50,50
2021-10-27 20:27:43,7444746,5GeG5RtNmT4M9gQGZm2TYc9JgoPYQ8EsyAi1q84u6R7HxVby,28000000000,100,100,0,0
2021-10-27 20:27:43,7444746,5HYsQKXAVLFNDvWEuGpew4QW6F7ZyjLECrTWURZBQSFi3hnR,887662361629,50,100,50,0
2021-10-27 20:28:31,7444754,5DodrUJxJK5TKjrc8CKa3B4gYj7kW5yZEhB57biwFAq6U72u,13153999916,50,75,50,25
2021-10-27 20:28:37,7444755,5GuMTcvkMBr7qVx2soxmiBTNh98c6vPznt8evkA5Rne2tvY2,597112280000,100,100,0,0
2021-10-27 20:28:43,7444756,5DodrUJxJK5TKjrc8CKa3B4gYj7kW5yZEhB57biwFAq6U72u,13153999916,0,0,100,100
2021-10-27 20:29:07,7444760,5CLkrXigJwxariohwLGSrgydXxZTsdEbsa7kNe1ub39yU2r6,49089000000,100,100,0,0
2021-10-27 20:30:01,7444769,5EhRY8uNSXEjBro3CEY3EX8JuyZheGQ9x9ewhddVgVyKH1q3,286209599614,100,100,0,0
2021-10-27 20:30:42,7444774,5HQQDQhnfimT6gQVvJDtsvGWEMdcVVvgcxyq7deLMnhsRQ9D,568623086700,50,50,50,50
2021-10-27 20:31:02,7444779,5DodrUJxJK5TKjrc8CKa3B4gYj7kW5yZEhB57biwFAq6U72u,13153999916,0,75,100,25
2021-10-27 20:31:14,7444781,5HQQDQhnfimT6gQVvJDtsvGWEMdcVVvgcxyq7deLMnhsRQ9D,568623086700,100,100,0,0
2021-10-27 20:31:26,7444783,5Gv79AYTHJRTph7zBLZLkFjMXUcirGyn9mVhdBD7rgvFjkcP,150589000000,0,100,100,0
2021-10-27 20:32:07,7444790,5FRqUhdH572xcx5XmjkxULRHNqdgzgvu7a23U4fxr9Nxyj9S,18940051584,50,50,50,50
2021-10-27 20:33:43,7444806,5H9UwFw9CXBEbSR2qZjYzkZejw6g2jdXYKhwiuiETSJ6N8pu,26775077457400,0,50,100,50
2021-10-27 20:34:03,7444809,5DwCPG4irEKLnTRVVdB8VhRg1TB8JLnHiwgScyMynNyf95B8,67109886400,100,100,0,0
2021-10-27 20:34:43,7444816,5DD2YavJ7PVveoXP1fyzkwSzrPAANSB8TY1Fgju5hHYHRLp3,248589000000,100,100,0,0
2021-10-27 20:34:50,7444817,5EUrkDW6McQdTxwGEzGu1YUUtzVQxEeMweKKFjVPzs5GwC4Q,41740825786,0,100,100,0
2021-10-27 20:35:13,7444820,5GGwBVxE5mUg59mesHL9j2SqAQ3A6GKPpUsuBH3uF2yXZE4v,74558907432,0,100,100,0
2021-10-27 20:35:38,7444824,5HHJPnZbhKUQpTujJnUXbaByj6APmzAJzxv9kpuYb1AJssEh,22070000000,0,75,100,25
2021-10-27 20:36:01,7444828,5D81SxYexYiwkkY6t5zfPj7s2FkvHvesX1e5XzYAcjkzoTms,1570645400262,0,100,100,0
2021-10-27 20:36:07,7444829,5HHJPnZbhKUQpTujJnUXbaByj6APmzAJzxv9kpuYb1AJssEh,22070000000,0,75,100,25
2021-10-27 20:36:37,7444834,5Gh9cvrB8EMw1AWig9x4Rbcw824ZfTAiAfNLwr6zzC3CEWtL,10357787965800,0,100,100,0
2021-10-27 20:36:43,7444835,5HpLfocD1n9ijKt6iUM9eQxf69pyg74dfjZVyhn7znLDHZtg,75589000000,0,100,100,0
2021-10-27 20:36:43,7444835,5HpLfocD1n9ijKt6iUM9eQxf69pyg74dfjZVyhn7znLDHZtg,75589000000,0,100,100,0
2021-10-27 20:37:13,7444840,5F9App8bdi5QuHPBHUx8ZvdtKkBoEdJq2QuZ9SUJEDY79FNw,75589000000,0,100,100,0
2021-10-27 20:37:49,7444846,5FbtZ2oRfw9H3oA6xxKDhssj5uJiBt4S6Brg7Kb94Hxg4cJc,25432999986,0,100,100,0
2021-10-27 20:38:49,7444856,5CQFFseAKEtZeskT5HUE9aCZa4dcwx4WyusXRoHX4v14bFr2,19589000000,50,50,50,50
2021-10-27 20:39:01,7444858,5HEBXSDhTV8EHQagpgYRRuAdsFao5iF7K742Uvne3jRxnMCU,47901227170208,0,100,100,0
2021-10-27 20:39:08,7444859,5G19U7rxD79PUXJYuJ2zgCH9ESj6j1RKUsD3k3845eTj3uMY,18721399970,50,100,50,0
2021-10-27 20:40:15,7444870,5GTaAkAN7qURQHwtHMLgtBfj4LmZo1cnGKR75xLv6AmrYuiC,145359431999986,0,100,100,0
2021-10-27 20:40:15,7444870,5GTaAkAN7qURQHwtHMLgtBfj4LmZo1cnGKR75xLv6AmrYuiC,145359431999986,0,100,100,0
2021-10-27 20:40:45,7444875,5DvW837eiQpRbSEqtpaefiu5wS5rUVuiL2YVPzAKUtcYcjR9,16301999887,0,100,100,0
2021-10-27 20:40:55,7444877,5GNv53ixL9mmsndsiax39woYmkHTJzUq1h7Q19Q38qwAhJBs,15520754386237,0,100,100,0
2021-10-27 20:40:56,7444877,5GNv53ixL9mmsndsiax39woYmkHTJzUq1h7Q19Q38qwAhJBs,15520754386237,0,100,100,0
2021-10-27 20:41:37,7444884,5GQyp4vB2RzWsRPqA4UMzYfNNbRiM2P82CYtR68BUf52FGBx,14308232340,0,100,100,0
2021-10-27 20:41:43,7444885,5HMsXU63jEuAW9AWTauUj4tVZUMChzRWQeoA3WRDx9QJVvDk,19089000000,100,100,0,0
2021-10-27 20:41:43,7444885,5ChaahFX2gStur5dxf1eBy9K6KCqJjyx9UobTt9ccXBf31Kc,1257091436931,100,0,0,100
2021-10-27 20:43:21,7444901,5D7RziL6gVm2g8KhenE8Fr9bMRsUKBQ45kV7MYnfCoHVHAW4,99089000000,75,75,25,25
2021-10-27 20:43:25,7444902,5CQkoK2VoNe1keBAjCuB2gjsqta1jovvX13vccA1Wpnxefgp,1226421039960,0,100,100,0
2021-10-27 20:43:37,7444904,5DEtUcgYjq6H6LoQEUbAvLaztqfmNXJph23dwTC3TUg7gWqc,19089000000,0,100,100,0
2021-10-27 20:43:37,7444904,5DEtUcgYjq6H6LoQEUbAvLaztqfmNXJph23dwTC3TUg7gWqc,19089000000,0,100,100,0
2021-10-27 20:43:56,7444907,5How4kduXGT31qNv2GB8PA1q9oTvJmKqWk1pXoSPqRqfrzc3,32573000000,0,100,100,0
2021-10-27 20:44:13,7444910,5How4kduXGT31qNv2GB8PA1q9oTvJmKqWk1pXoSPqRqfrzc3,32573000000,0,100,100,0
2021-10-27 20:44:19,7444911,5FpysmoxwVqMFj2avEzZTwCmPgDMpikJZCdKCtpbsJktz8Bj,1216727282552,75,25,25,75
2021-10-27 20:44:20,7444911,5FpysmoxwVqMFj2avEzZTwCmPgDMpikJZCdKCtpbsJktz8Bj,1216727282552,75,25,25,75
2021-10-27 20:44:53,7444915,5EpuuKDUshcayPXCsFGH5MyvaEQHQVLiFUajXDzAuQr1P6uz,4579108583373,25,100,75,0
2021-10-27 20:45:19,7444921,5EA4w4ZW9WmbY32EPXY8SMfCJz18KTVAjgtMrdTq9EZnthAe,29549000000,100,0,0,100
2021-10-27 20:45:32,7444923,5ChWkSBdNh47JH6Lw3CeFdmtZk16DWEe3XWRU4wDyooqqUmU,20284400028,0,100,100,0
2021-10-27 20:45:55,7444927,5EhXPqbrksHnhM72ECyMA8E6deyq6pRiMLHE1DpS927mw8Kb,13682999769,0,100,100,0
2021-10-27 20:46:19,7444931,5EpuuKDUshcayPXCsFGH5MyvaEQHQVLiFUajXDzAuQr1P6uz,4579108583373,25,100,75,0
2021-10-27 20:46:26,7444932,5HGUByxcNd7ogYbMb5QmVhHm81vjt1VxCPoNjDXdcBrMVFQw,46001037800,75,75,25,25
2021-10-27 20:46:31,7444933,5ERoHbtCoftRDJoZfZkDz9Lj986mUZkmhuwvoPuNKEoQZ6dC,99500000000,0,75,100,25
2021-10-27 20:46:43,7444935,5D7JfYcM6vcqAeWa1Y8jjzhSYgepotfMZro4RycWfTtgn9kM,14206379886,0,100,100,0
2021-10-27 20:46:57,7444937,5CSdn7AqzF38hdFkqeiw29pjXhg3EYtTynwadK6DLw2bYPRu,10120999958,100,100,0,0
2021-10-27 20:46:57,7444937,5CSdn7AqzF38hdFkqeiw29pjXhg3EYtTynwadK6DLw2bYPRu,10120999958,100,100,0,0
2021-10-27 20:47:20,7444941,5ExmrskseFs2CCMEesYQXZjrPQpHkbNQNY5Hn8o9xtcmrZMv,1511389000000,0,100,100,0
2021-10-27 20:47:27,7444942,5G3ni94oTsycqUzPUqV8hS94Y695tbjq2fiyBCPnuoSgLTAe,13589000000,100,100,0,0
2021-10-27 20:47:27,7444942,5G3ni94oTsycqUzPUqV8hS94Y695tbjq2fiyBCPnuoSgLTAe,13589000000,100,100,0,0
2021-10-27 20:47:31,7444943,5GVsq25KXktAGcdkAyx5Z3SUNsXk7Zv8ZFRoEWJsqvdmMtin,4961408984280,100,0,0,100
2021-10-27 20:48:07,7444949,5F4D5PCmFjeufoB4F5c1mUHjSLLce8JJ5AYK4ZRGZyUE2W2y,25004032900,0,100,100,0
2021-10-27 20:48:25,7444952,5F76tCucv4HfqjdEjtsXtBUW2os5fdxEPNoyhh98MAYRgupW,22226999972,0,100,100,0
2021-10-27 20:51:05,7444977,5Fgfk4ztvZu4cujcf5nEDWWHHnV33c3DZ3g5Z2ZkXfh1L5wW,225171571347497,0,100,100,0
2021-10-27 20:51:51,7444985,5FTh6uNyHBuEiKc5Kmmz384CV3742fvkCGYDU7wMcGWnsezf,14389000000,0,100,100,0
2021-10-27 20:53:13,7444999,5HNpf9ydo2C2TFBS1frahQeNDVdG2QABGckGsBNKxPq44Mgb,1564874703854,25,75,75,25
2021-10-27 20:53:14,7444999,5HNpf9ydo2C2TFBS1frahQeNDVdG2QABGckGsBNKxPq44Mgb,1564874703854,25,75,75,25
2021-10-27 20:53:25,7445001,5ENzsgHMvAajUKhMUTK1FRJSUHL47zfRaUVgi8jEmgexeZk7,5146584659700,100,100,0,0
2021-10-27 20:53:37,7445003,5GeFDARSzb3R2Xb6kLJeLUE9K3mEnersAMc2dSD418DoeMJM,14349000000,0,100,100,0
2021-10-27 20:53:43,7445004,5GusxFoUHEH1fU6uiciKzZv25QP9MdCZ6tuJBGpPXsWyfMib,63992077044,0,100,100,0
2021-10-27 20:53:50,7445005,5DqNVn2X5Sb4V61jDU15FQqSJdYAm9ZZw3XLccQTFX9vAmFd,645018414600,0,75,100,25
2021-10-27 20:54:25,7445011,5DaDbXJD3ihWJYATJ1AGSDDvSPFeQ46jSwEDcF4fJcJS9mGW,200008359956,100,100,0,0
2021-10-27 20:54:32,7445012,5DvfgtvZYpjyuNDeJr8fP2mF7HstciCETMp8GRJTkKRjLWBf,12049000000,75,75,25,25
2021-10-27 20:54:49,7445015,5EfPa7fSRwStvbiSWqe7ybQSbgQse8693YC5EvKySkDeHkuV,963316142901,100,100,0,0
2021-10-27 20:54:57,7445016,5HpHHF6izhNbZTdwhzkGusBqzd3rhTcct47NqMQgqXWCMoXj,114589000000,100,100,0,0
2021-10-27 20:55:03,7445017,5HVtXtkZNoSDBQ7ni6XZr9h3TEimR3pu8CWGu8TM5Q8m6uxq,11892999986,75,75,25,25
2021-10-27 20:55:07,7445018,5CMNDiExxKHpFEhUA4pCSJSApuzeCM7k33uCiRAW1noC2uBz,115000000000,100,100,0,0
2021-10-27 20:55:19,7445020,5Ejevs3vjGnzVs5nkY6dMYM3ZtmMjVoyuSMYZ8p1cBrMjj7N,99089000000,75,100,25,0
2021-10-27 20:55:32,7445022,5F1VPzN26ydiLX2nXFxzFJ4YrCKxm2WJByfvG4HTcUkDke1H,463190610672665,0,100,100,0
2021-10-27 20:55:37,7445023,5F55HDBQAoyUHDXETRCpP3eDgQnc5DHKAZPabafXQ1WK7JeJ,999549000000,0,100,100,0
2021-10-27 20:56:08,7445028,5H3EkvY8hiGNqXT7FizTVLvEpDKJJKZ74mwYwz3Kg2eMDryy,11688952515,75,100,25,0
2021-10-27 20:56:19,7445030,5EXY6invtk3izdu17NVHr97trLNi1e178MYq54nCfAUeURYg,41047607235,100,75,0,25
2021-10-27 20:56:44,7445034,5H3uahCrE6L6cCN7j6KqQiHE6LBvUPEPruVxbkZNxqzaY1hw,2921759563746,0,100,100,0
2021-10-27 20:56:55,7445036,5Dvhm5z2wRoqEqn9XhK1xiBmgzhuBpE11GYgidk5biy53u8P,1395086305914,0,100,100,0
2021-10-27 20:57:44,7445044,5EcP32AXwc1WK9DakZpWcJzPcvEmyJRds77ZT5ARnaqJRdGb,49700000000,0,100,100,0
2021-10-27 20:58:15,7445049,5GsBVTWm7ZPX7eT45yLv8VzD7jztRSfNn4ChYFtQmmboMheM,546474605494349,0,100,100,0
2021-10-27 21:00:01,7445067,5CkxdSm944GNWkfoGCnrtob2yFQ727yrEAsrSNELKR6KWPaX,19716999964,75,100,25,0
2021-10-27 21:00:07,7445068,5GGtdYqW3pWGw1tHbKyoGWyPsnzUZpV9fLyDUf4cUbo1Mpku,10417399984,100,100,0,0
2021-10-27 21:01:19,7445079,5CapxLbe2TfbEpdidWuYa29ggWTJdxcgWcAAbJBsbNADWvXA,18636999970,0,0,100,100
2021-10-27 21:02:02,7445086,5FhmJd4hHG9dRc7btDJFKUmBymC7tgZQmRj9RDDj2VyEW8dW,98989000000,0,50,100,50
2021-10-27 21:02:19,7445089,5GgXVvQ7Yqt441bmkFEyMCmmtBP5DtLXBgWyySwubzQcsxWm,5148178694385,25,75,75,25
2021-10-27 21:03:09,7445096,5C7tDynQ84renzhdsneL5zdwvrLTQB32McmuzRFJyriEFKx3,8688962476364,0,100,100,0
2021-10-27 21:04:14,7445108,5GQddDDyTDgoiDaM4jT6cPJztWotSD6qpuHNBp3uPR59teRr,3001184999873,0,100,100,0
2021-10-27 21:04:25,7445109,5D2nRS23sF6FhENBG9MsvM5HXoVXJPF2miNzmxkh8j6VD4Lu,2.03836E+15,0,100,100,0
2021-10-27 21:06:25,7445130,5GT6iYHviUTE86qpxjxqsNnNDuDVJyXSp6vSffqxqkCFb2ox,3277816101671,100,100,0,0
2021-10-27 21:08:07,7445147,5DV2MqtiuYYGdt1UyBLcpHcsMeZ7Jpe2ETGobk164QgH7HpR,14103900000,100,0,0,100
2021-10-27 21:09:08,7445156,5DV2MqtiuYYGdt1UyBLcpHcsMeZ7Jpe2ETGobk164QgH7HpR,14103900000,100,0,0,100
2021-10-27 21:10:55,7445174,5DyBYy8dPGJTE1hDCHZFU6ZyjkCHrDEhfKExqVz5zgscPay7,1584120999957,0,100,100,0
2021-10-27 21:10:55,7445174,5DyBYy8dPGJTE1hDCHZFU6ZyjkCHrDEhfKExqVz5zgscPay7,1584120999957,0,100,100,0
2021-10-27 21:12:08,7445186,5HH1Azw13RECHmi2eLYzQy7VYEHMZAnMBXShZnj6Fx359Ms7,1509843999986,0,100,100,0
2021-10-27 21:12:25,7445189,5EniYreQUbU35W6yD9iLuCYDjPi4LbCTaiMnbvQJMRy5Fux8,63367428885296,0,0,100,100
2021-10-27 21:12:43,7445192,5GhCgvZ4MnwXCQ4zcPaAj5KQb455m6uYethxZRv52mShzFGT,12069028121,0,100,100,0
2021-10-27 21:12:49,7445193,5CaSoDdgf99x2nj5hutQhVjViKn5tEQerw7JFKPmxA7WzzuJ,7747996643954,0,100,100,0
2021-10-27 21:13:23,7445197,5FCecj2R49WuzUWLEjvDFig5NXEP7X5ywBrFfsx5hzqbvRr6,1295047092937,0,0,100,100
2021-10-27 21:14:07,7445204,5GWmZ7fKqbiRU6uAnY1U2AwUuUVn4iC8eFF8CfZaqqWZs6Lz,117165855500,0,100,100,0
2021-10-27 21:14:19,7445207,5EXGHTXipM5hRET1vCaWHHfCLXdaaGfso941s39gh544ZFJ2,11309341930,0,100,100,0
2021-10-27 21:15:25,7445218,5GLRqXCdVijyp9wQkHqKJBVSwpje19YaNJXGXUKiyvBvCscY,166247999970,25,100,75,0
2021-10-27 21:16:14,7445226,5DFzv4ejFxyLwCpDGhmQzzugGFi5DANk7xX2xdDkEJWoqEG5,12689999970,0,100,100,0
2021-10-27 21:17:07,7445235,5DFGZq1FvGL6XWAheZnVYWUwf4f6xTmyTZWfdmPjEJ2ff6Gk,1261854510837,75,25,25,75
2021-10-27 21:17:08,7445235,5DFGZq1FvGL6XWAheZnVYWUwf4f6xTmyTZWfdmPjEJ2ff6Gk,1261854510837,75,25,25,75
2021-10-27 21:17:31,7445239,5GdrDodiKcDw743tPk3cUmSvVAr5bBRC1S6mZmZgEuXJfMXz,4003070000000,100,100,0,0
2021-10-27 21:18:26,7445248,5GGjA1ozGpZxTh3Zcaie6sggrhCRQDLEhw2ioCTW6Z829UJK,474094916441,25,100,75,0
2021-10-27 21:19:01,7445254,5GGjA1ozGpZxTh3Zcaie6sggrhCRQDLEhw2ioCTW6Z829UJK,474094916441,25,100,75,0
2021-10-27 21:20:13,7445266,5GxBMcceTChvQwZyu92JXrRQYYSbyJo1YycoVYtyrTGBQqo8,26620093895326,100,100,0,0
2021-10-27 21:20:56,7445273,5DwuVwGYp76RYrEvdheQapnzyJB1qjboJc8Q9Wvc3rUwhBdM,26627941244538,100,100,0,0
2021-10-27 21:21:08,7445275,5ESJi8YwPetLAkbyQrJqPGZnhWGqXMsabj4WsT1NbxzFTjKE,15349000000,25,75,75,25
2021-10-27 21:21:13,7445276,5DFgT7RV6R16ZxWYbK5FvtBA1Q3D2qW1vTnMHTVctFev7Aqu,26626138534414,100,100,0,0
2021-10-27 21:24:01,7445304,5Dsp4abKWw7x2DG9ZzEWr5u7XFe7z13sXwMaCthNUgmqq8j6,69458902200,75,100,25,0
2021-10-27 21:24:07,7445305,5GHtnid2rcka74hE2GkdBp3P51C4QmevBUHTu3AY22xdXY42,18276999972,100,0,0,100
2021-10-27 21:25:13,7445316,5CSED5Xr9MreHPyGRAWaB3gT3CMpb7e7UHsDwkpYDJpiSGR3,626854000000,100,100,0,0
2021-10-27 21:25:25,7445318,5CwMeoZZ26CURzU4UcMwZmspxXX4spUgzjGb6sjGU9rhfMUs,751883189171,0,100,100,0
2021-10-27 21:25:32,7445319,5CSU6bEeLgibB1tNDLB9qzsLZjqncHF9yNWKSMTQpA7VBH5M,2453359000000,0,100,100,0
2021-10-27 21:26:14,7445326,5G23wrj7USuEvcUvweULDGMkMDMDvhgrAiUwkYXCZmcVNeYS,19089000000,0,0,100,100
2021-10-27 21:26:32,7445328,5Dff8XXfYfZaSVmzBQzWUuK2Gs759QAUTcSbVNbjkv7PRxbG,14089000000,100,100,0,0
2021-10-27 21:26:55,7445333,5EPU2Pg4fxsVdqJoeqo2HgDvV5qoifcbEmW2Gg8R8yYyCz7c,19434999986,100,100,0,0
2021-10-27 21:28:07,7445345,5GHkYUgXkfYPvfgVUwbtZ8xpf91rzgBXucfWDXeCL4cv3XMw,54401860500,0,0,100,100
2021-10-27 21:28:09,7445345,5GHkYUgXkfYPvfgVUwbtZ8xpf91rzgBXucfWDXeCL4cv3XMw,54401860500,0,0,100,100
2021-10-27 21:28:13,7445346,5DZaQ9DyWGeqBaaYGRWCxWsdRSKhkhkdpZTzHya3dwvhetbw,817491435167,100,100,0,0
2021-10-27 21:28:14,7445346,5DZaQ9DyWGeqBaaYGRWCxWsdRSKhkhkdpZTzHya3dwvhetbw,817491435167,100,100,0,0
2021-10-27 21:29:10,7445355,5DvqcEPcDi9jpAy3DDu8PFXhm6evBUGhMjUxd49o57hz49Uu,12639111374,25,100,75,0
2021-10-27 21:29:10,7445355,5DvqcEPcDi9jpAy3DDu8PFXhm6evBUGhMjUxd49o57hz49Uu,12639111374,25,100,75,0
2021-10-27 21:29:13,7445356,5HgbYY4xQj4jZ7syRrTmrsZWfewezcVP3JzGoTGZ4i5RbvtG,2507440032907,0,100,100,0
2021-10-27 21:29:19,7445357,5GWF5JddjoyXQv5T2CNiswajU38Z7cKnggFKTAEGMFaaKrz8,1999616445486,0,50,100,50
2021-10-27 21:29:39,7445360,5EhA8vvoFHYeZT5Hws9nDcdXhykbH3ppc5fcNzarnG3YWhNG,16155766613,75,75,25,25
2021-10-27 21:29:45,7445361,5EXRQYMHY72fgueDvZaqtFr7n35rXddAyYzqNfBxfTWCN3TU,10438873387,25,25,75,75
2021-10-27 21:30:01,7445364,5H4LAsVmgzM11hQvvFbLeQNpiztrmEo32cWmhgnHwRP8KPko,45776918231,0,100,100,0
2021-10-27 21:30:07,7445365,5FJC38Tu7CkuGSwAL5kDiC4CNP11jmB4DDsbG2zVpuGXkkNU,58539000000,100,100,0,0
2021-10-27 21:30:43,7445371,5F41A5JCU2yZ9B3pLAh99R1TqbQERuXfcqPdj8nD6uEv3ydm,29585459360205,25,75,75,25
2021-10-27 21:31:07,7445374,5DJEJY4KFfDoE879cJXorkvkASoUFDpcmuqAbNkNqPgmhWP3,37601775386,25,75,75,25
2021-10-27 21:31:37,7445379,5CojjHLpquYRZt2tgpuLodtQN38zEunkbj3XTb3MCd9JZ3xH,15630000000,75,75,25,25
2021-10-27 21:32:01,7445383,5HmHriMzhFre7Yx4iRijyFk1gZquaEKYGdgMEBMiyAjYfSr1,6804705745569,50,0,50,100
2021-10-27 21:32:25,7445387,5HQHGZ4DMJDyQhHQ7BsXUvD6M9cZiE7Kz2p87WJvFBQ2C4Sj,18508299867,0,100,100,0
2021-10-27 21:32:25,7445387,5HQHGZ4DMJDyQhHQ7BsXUvD6M9cZiE7Kz2p87WJvFBQ2C4Sj,18508299867,0,100,100,0
2021-10-27 21:32:49,7445391,5HjgnJux74JY9zagC7cva6HcGhWK1kKNHET7CZkDKE4PResr,33925999831,100,100,0,0
2021-10-27 21:32:58,7445392,5E6pjCAGAtpV4nDoTWfMyQ474ku9DNScYeU3PK3e8Jd94Z1n,10300000000,0,75,100,25
2021-10-27 21:33:07,7445394,5HjgnJux74JY9zagC7cva6HcGhWK1kKNHET7CZkDKE4PResr,33925999831,100,100,0,0
2021-10-27 21:33:19,7445396,5CqicrVEBYFr15MskeP1CuiiRMhK241R7qugRSkKoWkcKGVf,2351840200000,75,100,25,0
2021-10-27 21:34:07,7445403,5CCoU2AhGrqJj4ky6e7yCbureaZpdr1C3MWkgwENgdJkBfFS,151650471771,0,100,100,0
2021-10-27 21:34:50,7445410,5G4i5FDZU6FeRnsSXhG7AyK5GjB5NkGbCSCxy9fRFTweSzsi,19089000000,0,100,100,0
2021-10-27 21:35:01,7445412,5GueEKretTUx3UobqeJdMiBVQ3pHySDzaBSBu3WTNYR2qUf6,159596999807,0,100,100,0
2021-10-27 21:35:13,7445414,5EHeXnbScyzEtqQJvb2QzpcVT77ZmVd1QbXA4bfr75TPY3bm,229000000000,0,100,100,0
2021-10-27 21:35:20,7445415,5GBuVJhjcn1NVhAKbXmCEaDnLoEUHRjVZ2nfo7A7ytJvCZBY,36134000000,0,100,100,0
2021-10-27 21:35:37,7445418,5HTrBZyBYYMLFRdrzCZ9CianzKTTCEg4Hxr2LC6xv1E1Yr1N,1354305981925,0,100,100,0
2021-10-27 21:35:55,7445421,5C5hYW1BK8gRcy2Gb4uPyztemWwRvwRKiJpEjrBkHnuEm7yH,35511654441,25,75,75,25
2021-10-27 21:36:20,7445425,5Dbt73oW1qL1kZwwJFcron4LSKGrYnTCouorFNSwutAykMFP,1008609878200,0,100,100,0
2021-10-27 21:36:20,7445425,5Dbt73oW1qL1kZwwJFcron4LSKGrYnTCouorFNSwutAykMFP,1008609878200,0,100,100,0
2021-10-27 21:36:25,7445426,5HTrBZyBYYMLFRdrzCZ9CianzKTTCEg4Hxr2LC6xv1E1Yr1N,1354305981925,0,100,100,0
2021-10-27 21:36:25,7445426,5GHoeWhzif2Sx1fhDVtSq5DUBSytwYG2bZzGEyPwJ2eYBxun,10830374778,0,0,100,100
2021-10-27 21:36:31,7445427,5D5FAWVYyCmRDe8pyYR5U4RgA23LN1U2TYA2bTZpp97sULCy,49089000000,100,50,0,50
2021-10-27 21:37:07,7445433,5EyAF3bHcojgatXENSBwqiszRJEW3UKTQ5CJuYVLFyh41Z5E,21165887848200,25,75,75,25
2021-10-27 21:37:26,7445436,5Fgjcao16stJpFY7pDz2VPZAZFrRVrMiWjFyppjav3gmQbm2,59380665735323,0,100,100,0
2021-10-27 21:38:13,7445444,5GbFiGkXSwtWjmVLDtAnbU4dyUGL3ocw6CHdfas2SzaFYf1p,19589000000,0,100,100,0
2021-10-27 21:38:31,7445447,5DvYNn3tp8C1TRAPd6C3EDjmZN7eYQQzfDoxNSudpsQDBFTe,50000000000,50,50,50,50
2021-10-27 21:38:39,7445448,5FWAWN8UrdvCWqwbi4g8Z4RDpXsnHSk8nq7QpsoCuUvwN5MK,834368222800,0,100,100,0
2021-10-27 21:39:25,7445456,5EeDJeh4HkX3ZVQdJwapsa7Daz5qwmyyYZuNBu6DWgUPQ487,51474999944,0,0,100,100
2021-10-27 21:40:14,7445464,5D4wabGgvAZJUJymxwNrzon4W7h5Z2mHqHhKh3Ukv6ykzWTT,32736028975,0,100,100,0
2021-10-27 21:40:49,7445470,5CMgHC444Q8FppZNbRYyX3W9YNPXVieu2CXzYRz7BnyHJkAr,9247943653919,0,100,100,0
2021-10-27 21:41:14,7445474,5DV5fSHe1ucMqZY69sSBkGxkidxojiJreZv4bZS4xY1cbbDM,19843999986,0,100,100,0
2021-10-27 21:41:43,7445479,5ChWXaQfLdsdqtH7L1bLBjCvy5Jdv64SZNqAdjhvS9zy1TNg,10600000000,25,100,75,0
2021-10-27 21:42:13,7445484,5FvAa2oy1UG6znNXRhpLZB65PJ21iUg4iyqC7wKHkfYfnTTa,,100,0,0,100
2021-10-27 21:42:43,7445489,5G94C61gT9N8rJ7dqcTn4nSjkc9pJ3R9Hde3axZkH7rziwXG,616846379896,0,100,100,0
2021-10-27 21:42:43,7445489,5HbTj1HR6cs8SsDGUxvvxzNM3RcFodYw2MTo6txreUtFu3fk,19589000000,0,100,100,0
2021-10-27 21:43:19,7445495,5DUB3ruDWWFhs3g2DaM5TpynmVcaAwCus8smWQ3Hu4L2FeTE,254155978400,50,50,50,50
2021-10-27 21:43:26,7445496,5Df8SaFiZcssShtu24NzbQFLvWEGvpnX3qmt4u61Xke48tTy,1022915099984,0,100,100,0
2021-10-27 21:43:37,7445498,5EJSUsfTeFcRJiuWVDBZL1RMa8wgd6TQDik9WNv8trdRDBDt,12175395461518,75,0,25,100
2021-10-27 21:44:07,7445503,5CkjTj92zW9e4LxkevTmnk2xRdpDaq7wYwUxzwCFwkyN3jU1,2759106406081,75,75,25,25
2021-10-27 21:44:19,7445505,5C5FaWungBgGCGLdE5mHEJJfexuw4BPYbL2n32Psm9PSmzHq,99589000000,100,100,0,0
2021-10-27 21:45:19,7445515,5DUB3ruDWWFhs3g2DaM5TpynmVcaAwCus8smWQ3Hu4L2FeTE,254155978400,50,50,50,50
2021-10-27 21:45:43,7445519,5Gx4iHqKkKWGzLWqVPjPsj2xynsCmQTj6dvD4Q2py7aS8Uh3,4971658509186,25,75,75,25
2021-10-27 21:45:55,7445521,5Dr4nyVGRhE5eodB5YhMLHcZZNTfDC9vULw2aS3ap89Tc7nN,5051174014018,100,100,0,0
2021-10-27 21:46:07,7445523,5EvWkxTPHxoWUbFtcDyeXTRUWwPBJjZZm4r3cvV6b2M6T2oP,277854299046,0,0,100,100
2021-10-27 21:46:31,7445527,5E4BHWiL9MEdBaXv9oSgdcJVq1fUK6UUwDejMsNqJ8hqEA5p,765043785975,100,100,0,0
2021-10-27 21:47:25,7445536,5HGguUcPN8TUsm81M2h1ewU2eytp6cyzzsGpwgXKqm97hiTn,18589000000,0,100,100,0
2021-10-27 21:48:32,7445547,5ECYPMVcdvBBHGHpkfsasg8arhxHXNEKNr6yxRx1vUSY8YAK,906241966781,0,100,100,0
2021-10-27 21:50:01,7445562,5DCUVYjZdofNSkKVUYYwMepJBLbyNQ6F6Pb5nEmVDmwpnH1i,9277686762300,100,0,0,100
2021-10-27 21:50:32,7445567,5CJPEDH99tmA11aR1pPzunvChWd9L4S6GPnRGHcNsYPHn2oy,60301929605,100,100,0,0
2021-10-27 21:50:38,7445568,5EJSUsfTeFcRJiuWVDBZL1RMa8wgd6TQDik9WNv8trdRDBDt,12175395461518,75,0,25,100
2021-10-27 21:50:38,7445568,5CdJtzHtSfsPiDrGkv8DdmknG2FfNjUJop5doGpW8UoxvSax,1.30345E+15,75,100,25,0
2021-10-27 21:51:07,7445572,5HWPVcvJthgsMZtobAaF5tzZPAfj2Tjun4tmrkcrB7PYDSBR,13589000000,25,100,75,0
2021-10-27 21:51:14,7445573,5DLNq9MerwDQYwBDs8EexB1Z7wfenrt6YJ1BotqjzJZQBJNJ,27217999823,50,50,50,50
2021-10-27 21:51:38,7445577,5DSZGMxgtB1LEASx3dzCKVjKLe1YD5FoFmjrFxUdDDrtZjcg,32303541365508,0,100,100,0
2021-10-27 21:52:25,7445585,5HGguUcPN8TUsm81M2h1ewU2eytp6cyzzsGpwgXKqm97hiTn,18589000000,0,100,100,0
2021-10-27 21:53:19,7445594,5FFJVSRDrbmPu7Fg8MzmDNLbTYcLv4NH8X6erZnEHTxZ6hFn,12694691860059,0,25,100,75
2021-10-27 21:53:25,7445595,5ChcZbqpqKueQ84NMZj7A9ngtaqZUkx9PUuQQBDc5TBm448F,195628027389,25,75,75,25
2021-10-27 21:53:49,7445599,5FxjhrM87PXukH7XkoC28CvhMSfMfqYLcynREGnMD6UVfiYk,19049000000,0,100,100,0
2021-10-27 21:53:55,7445600,5D2fpYB55nKQCE8KvNbe3iNbyvEL5uakSWeFqLd2zT7mQGBi,200071370330455,75,0,25,100
2021-10-27 21:54:43,7445608,5H1YxmBqQt3QcQvnNTenCJF4KhyHNpLh7cUfsLecxk4k5Uc7,111764055200,100,100,0,0
2021-10-27 21:55:43,7445618,5ELZLi9H8E12aD5P2EjkjJyfLQGHkqUy2HZbPjdgJRXtRBun,27315784509225,25,100,75,0
2021-10-27 21:56:07,7445622,5GwHUksqFDohMggzopZ3TvsqLu7m4iMLnHb93pqEuj8EbPY5,1939771135458,100,100,0,0
2021-10-27 21:56:07,7445622,5GwHUksqFDohMggzopZ3TvsqLu7m4iMLnHb93pqEuj8EbPY5,1939771135458,100,100,0,0
2021-10-27 21:56:16,7445623,5E1np1ZJvFghkS7WXcnwBmPe8ttmhNKjGiu43UNzCYPSNMe2,5954351999938,100,100,0,0
2021-10-27 21:56:32,7445626,5GvWN2392BaCqCSmdZJMuNfWiCj49kvqdoHoTcTL8WP9NnRc,384589000000,0,0,100,100
2021-10-27 21:56:49,7445629,5GjLpzvaTGUzKJUTkiZG7xKjHeUmdNNgTEHeE5Gcn1MWcx4g,14000000000,100,100,0,0
2021-10-27 21:57:43,7445638,5EviuzotpuKNftcuUMoiMBPGxppZwu2vDNWZiZiu14rpuCT6,112098464330226,100,100,0,0
2021-10-27 21:57:49,7445639,5FHRo7Xxg97B8JAonbFWxhTUh6NPZSnZACgpSpueQWL71SjT,4919368415385,25,100,75,0
2021-10-27 21:58:08,7445642,5GqKtu71zqsEG9rxWV7dJtmE8uN9fmXE35aEmuM2x3ATdqgK,8556574404356,25,100,75,0
2021-10-27 21:58:19,7445644,5CMKBzubjPt8vcRqv4wc46gLarGv85Xr2S9AZUjiPsxt7DLY,26242239000,0,100,100,0
2021-10-27 21:59:25,7445655,5E9zxi1CKVDVZEB7wNnWKGq2GD3Cav4URwtsAVFtWcK65wrw,27195398850,0,100,100,0
2021-10-27 22:00:19,7445664,5CojpJ61oEPJHps6JzYTPtqRFTSUTq7euzLm2U4j8iDEyDsK,3747933696387,100,100,0,0
2021-10-27 22:00:44,7445668,5EYysLWSMUtzai9Kk1SDo6xzieTtuHpKgPwJqWAr1ZUjrjYR,570416600000,0,100,100,0
2021-10-27 22:02:20,7445684,5Hpa29LMYDigrmm3DmxnQo8iWssqAT27KRUwuQtzLq89Xygf,17255999800,25,50,75,50
2021-10-27 22:02:43,7445688,5DUC6SgAh5KkZdjTaJJUe69u6bi5owXppUuaofQiJZBdEaPX,101232561989,0,25,100,75
2021-10-27 22:03:49,7445699,5F4uM165eJ6mdQbciLJReGfynJRDy1r9etDkwbRvkgNBPLbK,3053320849393,0,100,100,0
2021-10-27 22:03:55,7445700,5DptokicUVb9s4ibxdTNRExzqYbevM7MUZT3ASxyvFeKMRyC,7590954989090,100,100,0,0
2021-10-27 22:04:08,7445702,5GZ2ujYB9DiKL11aN9cVpvwrKmJqmooFSVvsFsNirqbfrm76,28849999968,0,100,100,0
2021-10-27 22:07:49,7445739,5CS23TAmULCdetuLeLp9H4JeLoSc6GyfYLrR4PKXfzcS4KjR,,0,100,100,0
2021-10-27 22:08:43,7445748,5HQgXEk8aKyZ4d9ZojudfjhABpEz5BHF6Awiab2y7azubw3Z,82235698085,50,50,50,50
2021-10-27 22:10:01,7445761,5Fdf4YpEmzs1MYu92eCRqme1kxmXwoguUGQYLbcLTdJ8jL9v,8058621895600,0,100,100,0
2021-10-27 22:12:13,7445783,5HH5hxDCsSDGqcHzk7Mou6KT5XrtU5LQ2tFrZb41pJgoLUC5,6773003761480,0,100,100,0
2021-10-27 22:12:31,7445786,5GqLVB9ho3ztEbAHkH6aZD9YxFGoEsudWfW13L5YyZMjeVDu,45946997096744,100,0,0,100
2021-10-27 22:12:44,7445788,5F9rB6rvsitLScXuhMDb8tLtMY9S5t5ChVLnDTXowvJtEaaL,71022744400,0,0,100,100
2021-10-27 22:13:01,7445791,5GbjAVhvE9WBqYnUqfWYgoCdJPTceoY4RRViRiYU8EMu5Pja,39423287551843,75,75,25,25
2021-10-27 22:13:44,7445797,5FxeQvWt1vBg3WMZRHccb5bx3tT1iZpvFvgaB9S5YCLmpzfe,112377305875,25,100,75,0
2021-10-27 22:13:49,7445798,5FC8LurxEN9s4LLdhezvUWv4wCCL3WNrNQDsomBZD42DCeFy,13748300253510,100,100,0,0
2021-10-27 22:13:55,7445799,5GqLoTMthpGamywwRsohJhT7Gbjb6wVZrRh2d4sXE9rmQUwM,45924324862594,50,100,50,0
2021-10-27 22:14:20,7445803,5CGQa8Pk38iC7FRufq2611D3baTbGhMgAQRJy75ngarXEmZ6,16932953700,100,100,0,0
2021-10-27 22:14:20,7445803,5CGQa8Pk38iC7FRufq2611D3baTbGhMgAQRJy75ngarXEmZ6,16932953700,100,100,0,0
2021-10-27 22:15:33,7445815,5EqcbdNsAtcCC6qDXbhEcM96Zqk6FPvTs76EggijdNd7YSLc,10041406649829,0,100,100,0
2021-10-27 22:16:17,7445822,5D9yikrBeg1t6cszVCd4izawRVppMTH1Eicuu2bMTCiWytKr,34977333454262,100,100,0,0
2021-10-27 22:17:09,7445831,5H8hzp73QygsaEUBdK69cApoodohwNM2mw8TAxryrqPZ1TYx,59000000000,0,100,100,0
2021-10-27 22:17:13,7445832,5GH4JvQR7CXgdrWcir8hu5jJfjpDZqHZ22cgBSdHAp4LxM8L,,0,100,100,0
2021-10-27 22:17:19,7445833,5DcQuvK5mGSxP58VQ7A76heXcBHDVXurM8LSQbDrCECzUuN6,19500000000,25,100,75,0
2021-10-27 22:17:23,7445833,5DcQuvK5mGSxP58VQ7A76heXcBHDVXurM8LSQbDrCECzUuN6,19500000000,25,100,75,0
2021-10-27 22:17:37,7445836,5CoLCumE4AeimrhPP1mxGrhv1LRfXR7VQmXxmTUQ1xBJfEuL,25688999972,25,50,75,50
2021-10-27 22:17:55,7445839,5DRvxvixEcoMB9HW5ntwwNz7EaZVs8TEnVDfvzPwrU9h5SxM,1437130081700,50,50,50,50
2021-10-27 22:18:06,7445840,5HgYrEN816VHANx8qx9nXrm2bPx6aC4ynzaVWZLQ7zzNbYaR,2933084145528,0,0,100,100
2021-10-27 22:18:07,7445841,5FbfjNGvTd2gqeN849dvYF3jf2T6DdoVpHoabfbqdZZ9nzaa,238573504203,0,100,100,0
2021-10-27 22:18:38,7445846,5DG2ACP2CqSWYNZTUrDezFZMiBiyWb73QDYWoUmZ1e1Q6MZT,49549000000,0,100,100,0
2021-10-27 22:18:55,7445849,5Dk2Mx8No3DmEHCM3nCBqqz3YThN5ZsNBfogp3y9PM8cppq3,2787058319473,100,100,0,0
2021-10-27 22:19:13,7445852,5EZWYweszDJbh4Yn9aTAy9LLCa6KTHxW3Ruw5sLoyptEASAJ,198434502000,0,0,100,100
2021-10-27 22:22:31,7445885,5CG3HBReGXbpB6fbt8aUFp9AJeVLEsT3BUefpPwdiChaidFu,107418852516,75,100,25,0
2021-10-27 22:22:51,7445888,5DpRrRWhZD9myYnaDm2KmWxxFoPoQpZWVmFJieRT9y1QjbBX,2067650258526,100,100,0,0
2021-10-27 22:23:01,7445890,5Ey6FkieyvBnCixURwhxuLCv8BnMUafk5Yy46Sgs6K7tgUAY,26153275678,100,100,0,0
2021-10-27 22:23:26,7445894,5GgWAVbHhiquDVAFusdr5syfpzSU7HcRiJ18v1xP1i1zzJuf,19737399994,0,100,100,0
2021-10-27 22:23:37,7445896,5DFvWMSkoZs1xaSrfEzbQ15aHGwfyPrLDrATXHnt99QNNyX8,1504752499986,0,100,100,0
2021-10-27 22:23:50,7445898,5CMZiZBs63pXDDYrKogs2H4tEFg9KmPAiGQJwPRDKyAxbvAr,11048506185629,100,100,0,0
2021-10-27 22:24:21,7445902,5Fe8tXETwNfv1YPffZGLxdkH5dueCt34Un5U8WaQvJCzRvT6,238429448497,100,100,0,0
2021-10-27 22:24:33,7445904,5FnpPw4M8eAWTHND9gq9ECe9GNwG46EjcLLe3Fi4C2bwAseP,3185504731243,0,100,100,0
2021-10-27 22:25:49,7445917,5EpwmkPJLxBHfMVWrsJf5tzonGDQJ3nJcivKuFTV21HMepyq,715905097000,0,100,100,0
2021-10-27 22:25:49,7445917,5DhBm7q9duGBN9Fpp3SHvgvqdD2ukssA6KEH2UUr8t6xkXeu,19589000000,25,100,75,0
2021-10-27 22:25:50,7445917,5EpwmkPJLxBHfMVWrsJf5tzonGDQJ3nJcivKuFTV21HMepyq,715905097000,0,100,100,0
2021-10-27 22:26:19,7445922,5Do4UsSdFiU7zJUDrmkDmFmaywTkV5WpTgcuE2MYDCpyojD4,11687999972,100,100,0,0
2021-10-27 22:26:37,7445925,5EZiksuNdRQwrbTxERncF52SZ3gqcdNsujmVXBYsFsX599mS,11549000000,100,100,0,0
2021-10-27 22:26:43,7445926,5FjbLfg3eahk8Xx4AE27S3TvpS3mJ9bh1eTRoMtgGcVaPuJY,1332251903731,100,100,0,0
2021-10-27 22:28:07,7445940,5G1zDxE8g1UmPQj2tgQjQxD2dpSsTkXii4CaYENS5VPg2X3U,10944169181,0,100,100,0
2021-10-27 22:28:07,7445940,5GGeNKTQrZBmN22JwyiaLEYwHHEC6i6ZJ5edxMp6SkepMaMZ,1484116162586,25,75,75,25
2021-10-27 22:28:50,7445947,5E46sjA8abbWgUDvWEghPyBCTmGYfdqm1a5be18d8hzM1LNf,89863203919051,0,100,100,0
2021-10-27 22:28:50,7445947,5E46sjA8abbWgUDvWEghPyBCTmGYfdqm1a5be18d8hzM1LNf,89863203919051,0,100,100,0
2021-10-27 22:29:49,7445957,5Gw958FSBRiCW219VfQDtYM7NtzSDXQEiXEM36E41aad2Fx5,2348046072163,0,100,100,0
2021-10-27 22:30:14,7445961,5EUiWuwmRLjg1VEu7wF94XhPmR76W1khHfmEiFxVooL4WUXv,10640459000000,25,100,75,0
2021-10-27 22:30:14,7445961,5EUiWuwmRLjg1VEu7wF94XhPmR76W1khHfmEiFxVooL4WUXv,10640459000000,25,100,75,0
2021-10-27 22:30:26,7445963,5HYoXkP5iPWXjHX1GPAAezuYiBLwJMQTMXuKWQq8Y6QYSFpg,95310599698,0,100,100,0
2021-10-27 22:31:08,7445970,5CqgFghSW5gzKh3Vax2Rxp5gLKkVW9qh9XT3g2VhdwVMrbYj,13676920000,0,75,100,25
2021-10-27 22:33:08,7445990,5H8gKf7PJ4LCKMY7JdR1MYv5TbtWaPzKJnBqFz5JY9969vRs,26562400000,0,100,100,0
2021-10-27 22:33:37,7445995,5DHqMoFUyYtaKHUfLEK7vvSqj8FqqjQ9Pgq71gkQYXnuLR3V,13776999972,0,100,100,0
2021-10-27 22:33:38,7445995,5DHqMoFUyYtaKHUfLEK7vvSqj8FqqjQ9Pgq71gkQYXnuLR3V,13776999972,0,100,100,0
2021-10-27 22:33:43,7445996,5HK1UunRaenLSccP46nH4XgQ3tQqxecaq3XVAMneFm48oMKJ,14989444800,0,0,100,100
2021-10-27 22:34:25,7446003,5EZUzWGb4FyAuBuXVMg3p7Z8hujzUj3FqWL4qiRmr7oYY38j,2652801294308,0,100,100,0
2021-10-27 22:34:25,7446003,5EZUzWGb4FyAuBuXVMg3p7Z8hujzUj3FqWL4qiRmr7oYY38j,2652801294308,0,100,100,0
2021-10-27 22:34:49,7446007,5D59KsrFvgZXdFkXpd5grFHNK5YiVFNV8Dp3L1r663Z5osnx,19589000000,0,100,100,0
2021-10-27 22:34:50,7446007,5D59KsrFvgZXdFkXpd5grFHNK5YiVFNV8Dp3L1r663Z5osnx,19589000000,0,100,100,0
2021-10-27 22:35:01,7446009,5DDAPHwkFyanaCswrKsTatUFDhAhpH1M688t1BzKRwVnnD3n,36049999624,0,100,100,0
2021-10-27 22:35:01,7446009,5DDAPHwkFyanaCswrKsTatUFDhAhpH1M688t1BzKRwVnnD3n,36049999624,0,100,100,0
2021-10-27 22:35:44,7446016,5Cox9Qj7h8RS1Ep4wCx65cJdp7XH7LeZRe2xwvgcCDenaUwn,11354617752482,100,100,0,0
2021-10-27 22:36:31,7446024,5H9Hisx3Q9Nf6xy12swyT7QwekTBFcxrnAQAi6fTXiqudGsM,58375999944,0,100,100,0
2021-10-27 22:37:08,7446030,5FsHJHcANM24wNy5udANv6fGuydjE8rJMNopswWPXXF3XRUF,13932999886,75,75,25,25
2021-10-27 22:39:49,7446057,5DwTuoEjxjieV5mzHoaQC4V7ha2r9CRHezYe139QtCDrycNq,4333787803619,0,100,100,0
2021-10-27 22:40:14,7446061,5Dy915EHW2trF1TTw3Er8n8rBVuE91BctbFYPB4rrvZYXxHS,166251665500,100,100,0,0
2021-10-27 22:40:49,7446067,5Dy915EHW2trF1TTw3Er8n8rBVuE91BctbFYPB4rrvZYXxHS,166251665500,100,100,0,0
2021-10-27 22:41:13,7446071,5EkaFiBexq17QmoBt9GzBYEKracUxzFiMcp2N2SUkQqrrbxL,21595047173,100,100,0,0
2021-10-27 22:42:19,7446082,5FGxQuVayebn6NLWyDGmdx7TZUYB2XwcFwPkBxoxjzNQr3VB,10589000000,0,100,100,0
2021-10-27 22:42:25,7446083,5Cnxer9EDWPLgd4bNDKReDSKruPmmCR6tUm6H4UH2iE9dytG,11589000000,100,100,0,0
2021-10-27 22:42:37,7446085,5E57yBwW3EmcWXbjxUAYjZB2vf17v15LotQD48zBsT1fAfXf,29589000000,0,100,100,0
2021-10-27 22:42:55,7446088,5FRZ3pTTZ4KvHRumEnuTiGYXQqr5VjbF4oui5DAi5FdiN1GK,12139399863,25,75,75,25
2021-10-27 22:42:55,7446088,5FRZ3pTTZ4KvHRumEnuTiGYXQqr5VjbF4oui5DAi5FdiN1GK,12139399863,25,75,75,25
2021-10-27 22:43:07,7446090,5GZZ2xGJLmHnfvFaLnczUmkNJ11jZbtuMDpHidYzvttdcNUy,248932999985,0,100,100,0
2021-10-27 22:44:07,7446099,5Dw8LtfVA7TmsWktP3tuggwu3a7h56mKt29pFHpYvAib4vjg,20432999986,25,100,75,0
2021-10-27 22:44:19,7446101,5HR5RuDKXUz8n5MGoN2GJfAFsTWxwTo2v25S8rPgmJJ5efrv,170050425434007,75,100,25,0
2021-10-27 22:44:25,7446102,5H14GoYd6QocEG2dixzZyY2VxHadWJyuzUcTHES5Q2CnRvdL,11112218788,75,25,25,75
2021-10-27 22:44:37,7446104,5D4yfTw3HgzTRXhrrXWUaD6CcoVHTskPwXHmHU9L3Tapinnd,418134281374,100,100,0,0
2021-10-27 22:44:43,7446105,5CJdQEgEAJgD3TMKLSxASV7K2xJCPswfnttV9mhTFcShfMjB,14589000000,100,100,0,0
2021-10-27 22:44:49,7446106,5EhNtsKARWHQF6zf8AqM4j4cxPCpgbjMa2Zz4ieJcuB3fYw9,19699750400,0,100,100,0
2021-10-27 22:45:01,7446108,5Enje1pcaYzPWPf5QzCEx7hVqhazSPYDzpE3BCHX17Q6Vuac,3351099000000,0,100,100,0
2021-10-27 22:45:13,7446110,5FcGN64dY7zHVUkHQ2Y9HjKgPQ5pvQL1ohBG6djCzm6tb9JB,166193000000,25,25,75,75
2021-10-27 22:46:07,7446119,5CFQxK1cCgnhrdXLBbcBLepUaVFRCH6xFtiKamHgDe4KabRW,319589000000,25,25,75,75
2021-10-27 22:46:38,7446124,5G76LKJKf3dwouMKfAfgHiKuk5V98ptYv7De2jKVzD3gUwHA,207940000000,25,25,75,75
2021-10-27 22:46:56,7446127,5F4gbEZDProVoE9Kj8eXdbYqPDecRE2z4pLf2dMWYzUovDvg,4989750000000,100,100,0,0
2021-10-27 22:48:49,7446146,5ENWU66t5ve3WzmxmaTG6eg9Z2yhnf7s7iNspCwYEz7VL8Cf,19667588300,75,100,25,0
2021-10-27 22:49:25,7446152,5Cr4RuPCDKs3cWMWq2p2gsGu2nAVh3LNbWQFAG1AQT8HEit5,157393698795,50,100,50,0
2021-10-27 22:53:07,7446189,5EUQphpTigEdcZVf1e6mntXjwzCiQuhdkcercCVa45DKSBAm,2168589000000,25,75,75,25
2021-10-27 22:53:13,7446190,5GNRSHynhF4NjrquDvSJoVLYcqpaypSQDHHyhxEAEG7ypfTz,1165019358144,25,75,75,25
2021-10-27 22:53:13,7446190,5CoJRcwBnb5xExR9j3hkeWJibu1Co23rGRhRBDw6Rb851UMg,27863867878,25,100,75,0
2021-10-27 22:54:25,7446201,5ETnQdG9maSzRJNTuhBuy5xEbryMqbMczZSpTfomtAyJ8Heh,99589000000,100,50,0,50
2021-10-27 22:55:19,7446210,5CJANcvpJiDoUPec6cehcd8ukUEt588xDXYxws7RP3zZbtQx,149189000000,0,50,100,50
2021-10-27 22:55:55,7446216,5F6W8hMcmTfBcQQZi2mQeNBnLEr5mEFVPmG4HMK73s3Pugxa,49589000000,50,100,50,0
2021-10-27 22:56:07,7446218,5EgvxE7jAh7iYzw3KCZt8jHpCPTdCE2Q1KQnDjTeW3oabJ2T,109589000000,100,100,0,0
2021-10-27 22:58:43,7446244,5Enqh2CpUiMgmAdnghkGEQLNLbP9qg2AbKkCTAoVkCocdTmh,28180599866,100,50,0,50
2021-10-27 22:58:43,7446244,5Enqh2CpUiMgmAdnghkGEQLNLbP9qg2AbKkCTAoVkCocdTmh,28180599866,100,50,0,50
2021-10-27 22:59:31,7446252,5EcJw6gJvRjs1UmAwoeRSYwPieN5a4mVaFhNMqpTBoPKdUmu,16435156871,0,0,100,100
2021-10-27 23:00:19,7446260,5C8Fw24VpxJXzzMZjxhXixvYEUkyfoLQ5oCCXjKPNxLKAYxU,1467246894061,100,0,0,100
2021-10-27 23:01:19,7446269,5ENjkyRprgdo3QzKo2xwVUq3mQaTNWuo6fpdo8AdpD6id679,466439787300,50,50,50,50
2021-10-27 23:01:31,7446271,5ENb6euSXkcUTqUphg2qgJduzT5QZofPRuxYW5ppbVew7qov,99589000000,0,75,100,25
2021-10-27 23:03:43,7446292,5ENjkyRprgdo3QzKo2xwVUq3mQaTNWuo6fpdo8AdpD6id679,466439787300,100,100,0,0
2021-10-27 23:03:47,7446292,5ENjkyRprgdo3QzKo2xwVUq3mQaTNWuo6fpdo8AdpD6id679,466439787300,100,100,0,0
2021-10-27 23:04:25,7446299,5ENb6euSXkcUTqUphg2qgJduzT5QZofPRuxYW5ppbVew7qov,99589000000,0,75,100,25
2021-10-27 23:05:31,7446310,5EPaCMYsH8tK82yDRaNBkqWQcHLFHqWKhWv715bVoAkJhQQx,10697553025,0,100,100,0
2021-10-27 23:06:49,7446323,5CPpoy21pHeAjg8nGKCN9NFAsggQAyhNpguBE5T1fDHfAoG4,612495561743135,100,100,0,0
2021-10-27 23:06:49,7446323,5CPpoy21pHeAjg8nGKCN9NFAsggQAyhNpguBE5T1fDHfAoG4,612495561743135,100,100,0,0
2021-10-27 23:07:01,7446325,5E28z4EB1XrMsW1E7xnfmnnpy6T2UKT8yxCS731XZ1xKP9UL,915571423955,0,100,100,0
2021-10-27 23:07:57,7446334,5HbZ4Ge6jmzWeZyp3y7EfHSb9pAiK6DxYeopdTAzrJjrmZj3,,75,25,25,75
2021-10-27 23:08:41,7446340,5GCVfG3UQ3wMjDesigzttVJRJtAXBWRP2Tomj7FUfsEb43gW,2118432999986,0,100,100,0
2021-10-27 23:09:01,7446345,5D2XjKeP1jbpHiEh3x1WCkKzZDi2wN8Td9jkiZEytZayrn3s,1461394172144,75,75,25,25
2021-10-27 23:09:37,7446351,5D2XjKeP1jbpHiEh3x1WCkKzZDi2wN8Td9jkiZEytZayrn3s,1461394172144,75,75,25,25
2021-10-27 23:09:50,7446353,5Hb4vtgsHwZHjVdgUAGMPWohhkrKyrXSEPHY1yZeLAu2FgrT,11355498112973,100,0,0,100
2021-10-27 23:10:13,7446357,5HN2ajHZ2o43EPbcJssm9LJDmw7JQoSoJk4bKvBVyC6QH3iv,253904054354,0,75,100,25
2021-10-27 23:10:41,7446361,5CCvsNU7KG9yuJLjeUpJ8Qz4WTK3vcNsbY5v3bSuawxst5Wa,19200989427,100,0,0,100
2021-10-27 23:11:07,7446365,5ETqtb8BgqSs6SCXLRBgK98dAxqDnd6EqXV44wjrqu8B6TTp,19589000000,0,0,100,100
2021-10-27 23:11:07,7446365,5ETqtb8BgqSs6SCXLRBgK98dAxqDnd6EqXV44wjrqu8B6TTp,19589000000,0,0,100,100
2021-10-27 23:11:25,7446368,5Ctbg9Nkq8QTvmhNsgJWRy99R5AGdAoUR2u76XgCD1dLMDd9,637104219400,0,100,100,0
2021-10-27 23:12:55,7446383,5EtMDRNF41Amv5JqXyroQbq3a9PD2gHNWBdYwvuxX684w3Vg,30072830497,0,100,100,0
2021-10-27 23:12:55,7446383,5EtMDRNF41Amv5JqXyroQbq3a9PD2gHNWBdYwvuxX684w3Vg,30072830497,0,100,100,0
2021-10-27 23:13:38,7446390,5FhZvSoUdLqzTy2Rfkb1nivuNR5maVwJi9GpZgQV6TbvjXjx,760235089936,0,100,100,0
2021-10-27 23:14:13,7446396,5DiBzbTw1xmMwSKwk8w9Qs37XEyB7yxx77yXzzaHxGvVCB6R,106402864987679,25,75,75,25
2021-10-27 23:14:19,7446397,5DyRWd5ysQwYBiyMLYjdToBBjtBiQ6EFhyXefVhUUv7wigGY,5632144277464,0,100,100,0
2021-10-27 23:14:50,7446402,5FLRZSyJoCNDwx8op8bC2UZ2pvU76yWGV9HmK7tMwKG6Vi6c,1551805519759,0,100,100,0
2021-10-27 23:15:31,7446409,5EZ321oEwSW5aziqLsjYaxPuee1Z5ZAhwY1qCrErmDLbXVRA,4549360489434,100,0,0,100
2021-10-27 23:16:32,7446419,5FeMET3dxgsvd8cEz86NafPLEh7jrG3d4ahMWEEiGtn6Rqkq,11549000000,0,0,100,100
2021-10-27 23:17:13,7446426,5H1YPEasLyVLrGwcwNX54yy95RtRRWfF2waXNzREqBq1gC8h,36195563364374,0,0,100,100
2021-10-27 23:17:25,7446428,5FPSFuHNP89r1HZzPs91csSLD6SxmQgt6xGDccC5usKMtJhE,85008159338596,0,100,100,0
2021-10-27 23:17:25,7446428,5FPSFuHNP89r1HZzPs91csSLD6SxmQgt6xGDccC5usKMtJhE,85008159338596,0,100,100,0
2021-10-27 23:17:43,7446431,5GnDKSurW3VgRhpjaaFmsQHEJ21hSiDtBDvmp22EwRfZimYR,57403283932399,0,0,100,100
2021-10-27 23:18:13,7446436,5CqpEzce2f7PEV5vZBHqiLfJmHD8H9sae8udQNdRJg5bTaF5,5519412999966,0,100,100,0
2021-10-27 23:18:31,7446439,5DNoDXwKyJQMnjpoTTaY4QksNdxk47z5xG2qYVy7yseuTcLg,8531555816847,0,0,100,100
2021-10-27 23:19:01,7446444,5FcUzajkp6iZaZwxNfC3yDSTbo8jcv9D3YckbhD2hnCxPecy,108956184143,0,0,100,100
2021-10-27 23:19:25,7446448,5D9xdZvjRC3YSGH3so6RMLWkqzqbrhVfpNdkRQbdoFM92hca,12732847186,100,100,0,0
2021-10-27 23:19:25,7446448,5D9xdZvjRC3YSGH3so6RMLWkqzqbrhVfpNdkRQbdoFM92hca,12732847186,100,100,0,0
2021-10-27 23:19:31,7446449,5DUXdnCxmt3jEJzxzn1PDnwqhfoasJe38uV4w7hkxi7XHEp9,47581171021926,0,0,100,100
2021-10-27 23:19:50,7446452,5Evq4S4iZG9uGnajSvUthEgMsdwCzaNtZWszeQn1YpyYvv9i,10869429790,0,100,100,0
2021-10-27 23:19:55,7446453,5EAcowfEaiT1idAwJajtqNQ8gKaYWMJrSeMrj9rDi2PZpFbN,10539000000,0,0,100,100
2021-10-27 23:19:55,7446453,5EAcowfEaiT1idAwJajtqNQ8gKaYWMJrSeMrj9rDi2PZpFbN,10539000000,0,0,100,100
2021-10-27 23:20:19,7446456,5EF8Q73yHp89o1C1FL8RjYrR1RVryoMqS3kBEYonfLmy44vi,67775527265386,0,100,100,0
2021-10-27 23:20:25,7446457,5DG4XSngPeY1Pn4yUHMKvfXJHf73GmNVrLuHHPtG4ZeF6W5f,46741263782188,0,0,100,100
2021-10-27 23:20:58,7446462,5FGtgcqBx6u6geQpRrNFeX5SAP3LFczry1Sj6tfMSUsEh9xT,1208049799972,0,100,100,0
2021-10-27 23:22:27,7446477,5GggB1QUGSV6i2U13HwAeUuFYTzU7ahX9kSVhh2NKA99HXsp,22603049000,100,100,0,0
2021-10-27 23:23:25,7446487,5GxNKQaehCdgCKYiWvkosWB3GaMsw4gBXjRMzz25igwsdEjx,16209532072,25,100,75,0
2021-10-27 23:24:01,7446493,5DFTF1cggCGNrAkNu5jLpLRbYP1GWgeqQhrM8TUtFsLRGWzY,51432208584138,100,100,0,0
2021-10-27 23:25:08,7446504,5C8Z1qZwi7MowLtcvjNMpQgByYrcKvHRQ4toiJzH4AumK6bP,600007999930,100,100,0,0
2021-10-27 23:25:08,7446504,5C8Z1qZwi7MowLtcvjNMpQgByYrcKvHRQ4toiJzH4AumK6bP,600007999930,100,100,0,0
2021-10-27 23:25:25,7446507,5GKNq4MVnzBwAa8F1M7L6oHNxHUYFJZyuc8F2qRvDFGEQZ3w,19589000000,0,100,100,0
2021-10-27 23:25:49,7446511,5G4QLC7p9QbyApcpgnc9nqbtRZg4qnDVpJEz4Du9GKJEq8nt,483089000000,100,100,0,0
2021-10-27 23:26:49,7446521,5G1SayGxk9P91YGTqo9E6z5MJMABNwXoTTHQWAtSYirgAPvt,388389000000,0,0,100,100
2021-10-27 23:27:13,7446525,5Gxj9AaW1VzTVi5hLRuavW1GtbdNEsiVnPzyMXm7U4ijAGag,299589000000,0,0,100,100
2021-10-27 23:27:19,7446526,5GqB1vRm9g8Ushqtb1dtAN1v6sTi6e8pTP2XKRAVw7k3ov36,1197500000000,0,100,100,0
2021-10-27 23:27:43,7446529,5DLxkRrmb4y9Byv1BjyGYd4wG33VGzhGXZPSsXkgach5KKu7,21833468000,0,0,100,100
2021-10-27 23:27:55,7446531,5Cvv1GyNh97LGE6aQ8iQYJJNRnS3rxGco2rZqbu5PJhJG1zf,200000000000,0,0,100,100
2021-10-27 23:27:56,7446531,5Cvv1GyNh97LGE6aQ8iQYJJNRnS3rxGco2rZqbu5PJhJG1zf,200000000000,0,0,100,100
2021-10-27 23:28:19,7446535,5GrsyuTgA6gWeTnP6n6Edb1cm6u2YLPXiTNxY8Sn1EXBKXcg,19500000000,75,0,25,100
2021-10-27 23:29:33,7446547,5FCgTy9k4iyfknNPhwtg6sfSCDWPAagwS7MYzUuNr7aH67Qb,52412375094700,0,100,100,0
2021-10-27 23:30:43,7446559,5HWXSHPcnhCCScuXwDy745Mu2gbJzcfvq4uiTbULhC1yQMrQ,166031986123166,75,25,25,75
2021-10-27 23:31:07,7446563,5DybssyeKqJDASmUhaQiEMe7GshKLzXPEPhT8RfkGrm726Rg,38589000000,0,100,100,0
2021-10-27 23:32:44,7446579,5DvJDFSZH9tErTySYQGyM2X5WMK3ACSSHm2vbcsifQdhgUsB,100093586679,0,75,100,25
2021-10-27 23:33:25,7446586,5Fhk4LNWSWAzAAkY4r5fzVJRKAQWGHLhknnCAQQ7E2yRTc86,9353549959279,25,100,75,0
2021-10-27 23:34:26,7446596,5DyFdvbuLqmHAubiVUsCcW2g8xfm8oxKb5WycSZuPFfhmU9N,10639816472,0,100,100,0
2021-10-27 23:34:55,7446601,5GR2nZRuRs6R6eMNcbLxmf5SMhosgV2WHM2PUYEUPCXisFHo,638736451903,100,100,0,0
2021-10-27 23:35:25,7446606,5GR2nZRuRs6R6eMNcbLxmf5SMhosgV2WHM2PUYEUPCXisFHo,638736451903,100,100,0,0
2021-10-27 23:36:43,7446619,5CabFFVGBhCxjA1ExCCDu6eqgWpzYn4fMYhA86PZeUHKcSU6,,0,50,100,50
2021-10-27 23:37:31,7446627,5FPKsFSqWHURwyR2LqXVLv7CxReqgf9cPGDXceYpu73wx1B2,2139536537756,0,50,100,50
2021-10-27 23:37:49,7446630,5Gk6diLf1168oi9jBUJjEUXQhXpWEtbNsAdLb27atDiXiCVv,118932999986,25,75,75,25
2021-10-27 23:38:19,7446635,5FeatXDPidDbWPTpV18dyPQipK7rYPGbc8rfDR2btJXyND8m,19863999966,0,100,100,0
2021-10-27 23:38:26,7446636,5G5cj9hnVuJxvTf3s85FCckKMZmqycR5JhUrBLtNkwsgkeAq,1219912643205,0,0,100,100
2021-10-27 23:38:31,7446637,5H48nCegpiAZx2Svpyfuu1ECiCbEUYsCQacnZ3ey1QgqQYFD,108027399947,0,50,100,50
2021-10-27 23:38:37,7446638,5GHnKEYJyVckytCowhHJpRrkY5oate9TZf8pAybnmjfUnnQj,152459000000,75,25,25,75
2021-10-27 23:39:25,7446646,5HMzibaMD9a9dnyURsG1GXcu5gDyXaN2UoYFbeKzZCaN6hUm,10992021305822,75,25,25,75
2021-10-27 23:40:07,7446653,5Hamiw2Qmoiu4bhX1Mo7Y89mB5MXXYK2snLHBQR1QXThVtSQ,115709000000,75,75,25,25
2021-10-27 23:40:37,7446658,5GTMHMTC1v72gpidi6vZdez1pdGdurB5bdKP68WHXCo2c2wn,1049432999984,75,25,25,75
2021-10-27 23:41:49,7446670,5HMhk3rNm2ctDq3Vv2ccodf5xjxeDAJ7DMhyA5aBHio3A21f,742014744200,0,100,100,0
2021-10-27 23:41:56,7446671,5HbEhXLuFX7MojRkyunBb4ocMk1PAtGAf7mivuoHTgpGeDJU,27258884247,100,100,0,0
2021-10-27 23:43:23,7446685,5FjUngk4NDWkzLwfbnrAe45NHJLApj8usuHUMMy2DDoMwzr5,13549000000,75,100,25,0
2021-10-27 23:46:49,7446720,5EP1ZJTWEMHDk8GokPdEaeBrJAsAwQobpyWvG8qQp1mQpA41,19424999944,100,100,0,0
2021-10-27 23:47:13,7446724,5H8rTF6qxq2r1TAJ5fcE5AGsFtTSgqqPY9L6JwoKZK8DhFRg,733404744486,0,100,100,0
2021-10-27 23:47:49,7446730,5DXDESqerN2rkeLyyCGkXY5TUX2oRYvGCNGtmaqHe5YX1H9z,1255816999829,100,75,0,25
2021-10-27 23:49:26,7446745,5EXPjXWcx21ibJK4Wo4GRCHGH1TTKu8vP2DZTmc5F7nbzYHM,16907675035173,25,100,75,0
2021-10-27 23:49:37,7446747,5Fgs6BHiA52yJQQGqrdVnEcXGbv3SNBtjCWeeeHGR7vPXDjs,98589000000,0,100,100,0
2021-10-27 23:51:22,7446764,5FKjN2DD3kAfL8X9nwUDr7zzYEqnPHKs1z8duMS2yLtGdoyR,455697300000,0,100,100,0
2021-10-27 23:51:31,7446766,5HpfYozNzF7VZ8eCBmmC9WfigvY6aPh7MmbiGSfeR8dqCSqK,22448799800,0,0,100,100
2021-10-27 23:52:07,7446772,5EHqFEaxg4Fj8W3ArxQwxFsL7jidEgAqB8D8qKvbtDEWqsMe,21845320154766,100,100,0,0
2021-10-27 23:52:13,7446773,5CeGjdipnap1JfFoNBfroe2sFZZdC9fMWB9zpiuzB4u4RiSP,382435903238,0,0,100,100
2021-10-27 23:52:25,7446775,5DPPpBqysGV8HXUMe8ngjK5TWSv4r64kx4jETsXiqANPbusY,3357245985790,100,100,0,0
2021-10-27 23:53:37,7446787,5CeqGQifEH7a94Yt1b8hijaY6iF5UGiaXDJieyXJbdyk7TRw,11424256136000,50,100,50,0
2021-10-27 23:53:49,7446789,5G4eCnNdNuvDVkjRcLKJKLVyghbFF7jGqCB1YDDjhYM9sbwt,69500000000,0,100,100,0
2021-10-27 23:54:02,7446791,5F28EMnT9Ys1dwpU5AYQo9kRD1m4LtvLFJ34P259WzWjdgSC,27843671152,0,100,100,0
2021-10-27 23:54:37,7446797,5G4eCnNdNuvDVkjRcLKJKLVyghbFF7jGqCB1YDDjhYM9sbwt,69500000000,0,100,100,0
2021-10-27 23:54:55,7446800,5FNyKZNsMSzKLbZztGo369Un7HNrtwS1ZeGHkkh7yw2EhqGy,204089000000,100,100,0,0
2021-10-27 23:55:07,7446802,5C61K7n4cvJpX9riUbRaXzcWTHtaYyXomMb5RXxN1FwhSt96,2157888158913,100,100,0,0
2021-10-27 23:55:25,7446805,5CqNnUD54vuBGLtsrsopZKNd5VftDEDqLRjhXYhb5H4uXbzL,149308370000,100,50,0,50
2021-10-27 23:55:31,7446806,5CXmMsXUwimDv7SKPv4Nzv47qEPzrcxcpqMuCTB6sEBVVYbB,97097400000,0,100,100,0
2021-10-27 23:57:08,7446822,5FNMExvyoXDUYG84eAh1WHJDbX5nyxL1qLChkpcyZbbvZEQ6,108200000000,100,100,0,0
2021-10-28 0:00:13,7446853,5EFQZDVX6txZGmF54fUjVT78gfAQbU3THRk1gHvJMJ8bZMAT,99589000000,0,100,100,0
2021-10-28 0:01:09,7446862,5ENyG5bL4i9EYmQ8BVgQ3NZm33fPqha4sEFvntCT86dXvavM,99589000000,0,100,100,0
2021-10-28 0:01:09,7446862,5CfT7cUWquoB5UzSnhsxAVGM97NBtg3BwmjvGfDmtEFVL3gf,24589000000,50,100,50,0
2021-10-28 0:01:20,7446864,5Ct3DJrMHQMGQHZj1u8YwgBk7hqk6Q63LZBfJByVZKdtBF1M,18289000000,0,100,100,0
2021-10-28 0:02:39,7446877,5Ct3DJrMHQMGQHZj1u8YwgBk7hqk6Q63LZBfJByVZKdtBF1M,18289000000,0,0,100,100
2021-10-28 0:02:39,7446877,5Ct3DJrMHQMGQHZj1u8YwgBk7hqk6Q63LZBfJByVZKdtBF1M,18289000000,0,0,100,100
2021-10-28 0:02:56,7446880,5CfT7cUWquoB5UzSnhsxAVGM97NBtg3BwmjvGfDmtEFVL3gf,24589000000,0,100,100,0
2021-10-28 0:02:56,7446880,5CfT7cUWquoB5UzSnhsxAVGM97NBtg3BwmjvGfDmtEFVL3gf,24589000000,0,100,100,0
2021-10-28 0:03:55,7446890,5Fc7WWM8BGbAhiinvx5yX7eqBSKBvK3cZw1M1aRiRsTRc9JT,,100,100,0,0
2021-10-28 0:04:19,7446894,5GjqvDtt2oWMBrEZQN3k3oeCypSGKKUAPTu8wmgDxPWXMvEc,17864999781,25,75,75,25
2021-10-28 0:07:31,7446926,5HTw3P7czJqxmEC8rJErTuVU3yDfVdUMJgiW7eVQDQS5z7gU,,100,100,0,0
2021-10-28 0:09:20,7446944,5FULbLTWq5vYSM3CZtDPDDc2uYQpMGPf55FLnyQCMTayT7Wq,18434999986,0,100,100,0
2021-10-28 0:09:20,7446944,5HhBShBvmRtk77KfZCT8EakqayPL9PoKBq67xn4PWadZmTaG,152737598869,0,100,100,0
2021-10-28 0:10:08,7446952,5HjDGyKGKrJEFzYvZ8NvkyiZzRPNGrD83QwXupa8gLcwHHDs,896394999915,100,100,0,0
2021-10-28 0:14:43,7446997,5Cz8mQQwCcAXAPUxojNFgZs74k8Xb6XPohKLhywAWs9AymiL,12437502072,0,100,100,0
2021-10-28 0:14:49,7446998,5Grv6UBEaWy1A5s2LF7gbQus3C4uEvyMHxVhR82v3iQVPpTZ,5051985569874,0,0,100,100
2021-10-28 0:15:01,7447000,5ECURwTk1AFVYrJ6vGoBdxzTJDmxF2p4Pvwosy5DKK6BjGp3,522622198100,100,100,0,0
2021-10-28 0:15:31,7447005,5EymDqB215EheS6hUVqsVmutHANaCeeCKRH7jBwaRzQprgXJ,13589000000,0,100,100,0
2021-10-28 0:15:43,7447007,5E7EdHANXP8oMoAHu7ULxmoSREytzmU4NHjDPWWsTDsJBfXK,367673946000,0,100,100,0
2021-10-28 0:15:55,7447009,5HQeneJx1JVnHBaHBvEKPU8fSTRuyifXF1Vuda11d49aAfxK,399589000000,0,0,100,100
2021-10-28 0:18:08,7447031,5HHVaowT7cgZgNbF1vhZwQLr8K1AD7Ngj3KFF7JPuGMafg36,4665697000000,100,100,0,0
2021-10-28 0:18:37,7447036,5D7wYopz2ZJ9b9m3brZT5rMss6zENb7jBSr9PmeM1yG1vP4f,327907999933,50,50,50,50
2021-10-28 0:19:16,7447042,5D7wYopz2ZJ9b9m3brZT5rMss6zENb7jBSr9PmeM1yG1vP4f,327907999933,50,50,50,50
2021-10-28 0:22:37,7447076,5HiyGyowAB5N6wEmteTXSSeMMst5ngWZQwFDtfzf9Q7h6XrS,195546111795240,25,100,75,0
2021-10-28 0:23:58,7447089,5FYtaQvQyjcWNXTxQN1XtL5e8S9bUQjCdRt4aKBRo7D3dB3z,19000000000,0,75,100,25
2021-10-28 0:24:07,7447091,5CDiRWMq3UaKvT9trg97WttGwhT5BsuitWch3FcTZjALrRks,10589000000,0,100,100,0
2021-10-28 0:25:49,7447108,5GNAoJZHrVfEdSWyPsGERxsb3YBYxH6GL8aosGzshH1DHNqB,49089000000,25,100,75,0
2021-10-28 0:27:58,7447128,5CDiRWMq3UaKvT9trg97WttGwhT5BsuitWch3FcTZjALrRks,10589000000,0,100,100,0
2021-10-28 0:28:01,7447129,5CDiRWMq3UaKvT9trg97WttGwhT5BsuitWch3FcTZjALrRks,10589000000,0,100,100,0
2021-10-28 0:30:19,7447152,5GWAajMsJ6U7GfkS3t7kLojv4QkvyyryXpM9eHg11HQhGVhr,1078819000000,100,100,0,0
2021-10-28 0:30:37,7447155,5GjSZigoEh34gb9c6kS4dHLrNWMALAPFZFYkKuJpLHmk4aZs,471135960000,75,75,25,25
2021-10-28 0:33:07,7447180,5F3pa3f8NHEdpyQLXCxhGJ4f3GdMLctqiCD8mCsZfizke1Es,282190999972,0,100,100,0
2021-10-28 0:34:20,7447192,5EqQkPeNqvEDBTWUDH4ryhLyqw2CvW7TdJwsfNxNiSYsvq1j,61000000000,0,100,100,0
2021-10-28 0:38:37,7447234,5GYvct8AaDdhhNZSM6CVbCbH9LwwNEiGmC1FsSLFRghmedcP,77324495019,0,100,100,0
2021-10-28 0:39:37,7447244,5HBGVVhfGGnerCCXGhgM8W7MybPXDc4of1i6TtZN71GCyzzw,583971748133,25,100,75,0
2021-10-28 0:39:55,7447247,5Fy3kcNFjSjJaTRbK9zuYguTDLtUwk4sdZAwdBeyqVeSzjzn,3077009238151,25,75,75,25
2021-10-28 0:40:07,7447249,5Eh7WvXACtAn12wVN4a6MuuDQA7srom1yytcf9XXgWSJayJ2,,0,100,100,0
2021-10-28 0:41:08,7447258,5DM5vRbC8JccwXEC566aiSJS41Qd9BcvePTEebiTXRUwpPGw,29937460666511,50,50,50,50
2021-10-28 0:42:13,7447270,5FjwUyVjsfxwomfCPSmJAWrNF8WNxsZEDaySujtx3Jm4N4we,99589000000,0,100,100,0
2021-10-28 0:42:49,7447276,5GuqpHx6AbomMiQrQ2ThEVESho6AaAGQ26xYLEsy33xRMhx4,196350733700,25,75,75,25
2021-10-28 0:43:34,7447283,5FxoxZsY8MQPtd2vQBzZiB3gFiyDbgqHTUzKEf99vF5ctfKe,,100,0,0,100
2021-10-28 0:43:43,7447285,5Fe6PmFkrUuNS1PqRPYo7GTs3ZSiFomr81pHALwkw8R9VCtW,103202047400,50,100,50,0
2021-10-28 0:44:01,7447288,5HRPFvqyrKXCiH7bMKugXQgRH6vvsUCK1PuqbPki3BN71TFh,2347805037077,100,25,0,75
2021-10-28 0:44:13,7447290,5FjwUyVjsfxwomfCPSmJAWrNF8WNxsZEDaySujtx3Jm4N4we,99589000000,0,100,100,0
2021-10-28 0:44:55,7447297,5CiXYpFwDUDPYVwomwMngrXB9m8LkJtr1Hit5PCCe6Js1hxb,5084397087330,0,100,100,0
2021-10-28 0:46:21,7447311,5FGwdedfVLtzWnqfQc6i4eVH3b6AzCp9sdQVGBnX3dB1Lnja,210008999930,50,50,50,50
2021-10-28 0:47:31,7447323,5Dk67SAmw5xEAcBZGGUyP2R1ARj9PMt8opix1Rn4L5VAj9cj,4282307265171,100,75,0,25
2021-10-28 0:48:16,7447330,5Ek5vs5Nx7pU9EY4w1kvyxJJyVCnDqAVWWu83gdGA9E8Y5F2,19000000000,50,50,50,50
2021-10-28 0:48:16,7447330,5Ek5vs5Nx7pU9EY4w1kvyxJJyVCnDqAVWWu83gdGA9E8Y5F2,19000000000,50,50,50,50
2021-10-28 0:49:49,7447346,5Ek5vs5Nx7pU9EY4w1kvyxJJyVCnDqAVWWu83gdGA9E8Y5F2,19000000000,100,0,0,100
2021-10-28 0:50:19,7447351,5C4z7G9tcsvBZQ5QpUQdmfmPUiqKmmjqeGqBaCcFXt2GXb3D,111494951995299,0,100,100,0
2021-10-28 0:50:19,7447351,5C4z7G9tcsvBZQ5QpUQdmfmPUiqKmmjqeGqBaCcFXt2GXb3D,111494951995299,0,100,100,0
2021-10-28 0:51:25,7447362,5GBPDa1Abzgq5vKwBP7597Ttgj9x1Jp5mRhTprsnDfd4e9qa,248284657016725,0,100,100,0
2021-10-28 0:51:57,7447367,5Guev1asYrqtabMKWX8KfM6y4gTcrhEBXu41ZDCwR2NU2yk9,19589000000,100,100,0,0
2021-10-28 0:53:31,7447383,5DAZjxXmGq1PYmNrV4AiBwc9gP9VMzqhSq95WxbY6b8eRHyQ,50312999860,0,100,100,0
2021-10-28 0:53:31,7447383,5DAZjxXmGq1PYmNrV4AiBwc9gP9VMzqhSq95WxbY6b8eRHyQ,50312999860,0,100,100,0
2021-10-28 0:56:06,7447408,5EZSvy9Ai2Yt2N8tBYYQUE8fXDPyrbYjMvNf5xZxUGcDbDwT,3696131292600,0,0,100,100
2021-10-28 0:56:07,7447408,5EZSvy9Ai2Yt2N8tBYYQUE8fXDPyrbYjMvNf5xZxUGcDbDwT,3696131292600,0,0,100,100
2021-10-28 0:57:01,7447418,5CkxS32S3o4NkS6QwTcAGp2tToE6AYPk5C37CMFkft58rHCY,,25,75,75,25
2021-10-28 0:57:31,7447423,5Hp6BQYM5D3DZKyvHeJWreUw4msYL2PPXU9xsWp2aWLLLK9J,11909417940,100,75,0,25
2021-10-28 0:57:49,7447426,5HR7xKEcVfTNSL3r7dcaarA532ozfLXAVFGWN24XenjwDncs,173114534600,0,100,100,0
2021-10-28 1:00:13,7447450,5CobUSuLmrnDM6JZPs3jBAKBTrFAKpkaaQiGqy8HhLZV93bq,4083184348182,0,100,100,0
2021-10-28 1:03:31,7447483,5D7DUrGViFqAhtg1gc6zXb52BzXu4YkdQ4tb2V9YCYg99VFQ,2169759175202,0,75,100,25
2021-10-28 1:08:08,7447527,5DyaJMi9dceU8xqLy8hAmN21SB4sDeABzV8UZHb3ipV3tK5H,10432999986,25,75,75,25
2021-10-28 1:08:09,7447527,5DyaJMi9dceU8xqLy8hAmN21SB4sDeABzV8UZHb3ipV3tK5H,10432999986,25,75,75,25
2021-10-28 1:09:44,7447543,5Fs7DP3Qn5edM7s7NPfqts8qY9JcP8EiAq8uswuNd9FrUFK6,99589000000,0,0,100,100
2021-10-28 1:11:31,7447561,5DhWPSoUUcmq8F1nx4kabcsYebRxyGE4goopENi5fWfRtWTC,2439268434132,25,25,75,75
2021-10-28 1:12:01,7447565,5DhWPSoUUcmq8F1nx4kabcsYebRxyGE4goopENi5fWfRtWTC,2439268434132,25,25,75,75
2021-10-28 1:15:13,7447598,5E2KhbmaXrqR522HMSZ8q7x21z7B3w4D4s2gv8LZZrDoth2K,2012786053300,0,100,100,0
2021-10-28 1:17:37,7447620,5C4jMAwj1hLcAHHdAvg6XdKWZvA9bFojeqwhyJT1S8qjQqgm,16860000000,0,100,100,0
2021-10-28 1:18:55,7447633,5Cqj1yAxzsNVWzvrx7DywYgJ9RDsXDXrdKvoqTYziABWB7Aw,4471409335283,0,75,100,25
2021-10-28 1:18:56,7447633,5Cqj1yAxzsNVWzvrx7DywYgJ9RDsXDXrdKvoqTYziABWB7Aw,4471409335283,0,75,100,25
2021-10-28 1:18:56,7447633,5Gx3ZZmFLc1DGw4cuNTRQoURDPvJnAhVsvGvXngVPRyQcsvH,940804979958,50,50,50,50
2021-10-28 1:20:39,7447650,5H4KtNiNbyimCmyxYofNsMGXYjWKxSCxYenj3YG3c5CHiWR3,1579707607154,75,0,25,100
2021-10-28 1:20:40,7447650,5H4KtNiNbyimCmyxYofNsMGXYjWKxSCxYenj3YG3c5CHiWR3,1579707607154,75,0,25,100
2021-10-28 1:31:22,7447757,5H1SENJNVdzL39WJGj9BX8rTb5GJtQkukDaWJJutAH78u1ZF,199089000000,0,100,100,0
2021-10-28 1:32:32,7447769,5EyojbQynEDURBkGGSKE27n8i9QR127qSro1oacNteNyS4o6,28589000000,0,0,100,100
2021-10-28 1:33:26,7447778,5EZXwyuxpE7X7RvttZ1d6xjyU7yMPm8F9AmmyPrsnrYHyTtp,43221446236285,0,75,100,25
2021-10-28 1:34:13,7447786,5F4B2kZhV6tPd8BeLVqy8rQnbivwD3WmamqmAJDPz3Bavx7A,20447682399659,0,75,100,25
2021-10-28 1:34:14,7447786,5F4B2kZhV6tPd8BeLVqy8rQnbivwD3WmamqmAJDPz3Bavx7A,20447682399659,0,75,100,25
2021-10-28 1:35:55,7447803,5EZ9w9jntr2DPom8N5cWugEB8x86S3FdSFkJDEotGMvVekKG,1518797457259,0,100,100,0
2021-10-28 1:37:07,7447815,5GmzftUg65EgoCzQAJTuS8Qjhn6S9SY9u85dWPzZKatnxfyZ,14089000000,0,100,100,0
2021-10-28 1:37:45,7447821,5GEGpScxFEEe6enY3fox4PU8z1Y4HYyjDD2bfHGQ4zFJgCej,19593279893,0,0,100,100
2021-10-28 1:44:37,7447889,5DtSdh4gW8vuLoZDbnECb1fwVq7MkcvoViUQGuZL411JtRyQ,,100,100,0,0
2021-10-28 1:45:01,7447893,5DtSdh4gW8vuLoZDbnECb1fwVq7MkcvoViUQGuZL411JtRyQ,,100,100,0,0
2021-10-28 1:47:07,7447914,5HbkqfGBHe9FsyZDXSmvqnSTFQbJTdUNnXoJgsf9P891QWSP,14491999958,100,100,0,0
2021-10-28 1:51:01,7447953,5FqGqfejLyTPoJ8toBAY6pKoLWibBy8mD2xP269aiULoW6bq,316757300000,0,100,100,0
2021-10-28 1:51:19,7447956,5G745LYE8fxrzmVQ8eFq6PHzQYPVJ8pCxeFWmF7BoTHtfSDk,2761406499961,100,100,0,0
2021-10-28 1:55:07,7447994,5HH6QgBsB2BzhN46GDPo8Lj5P93i2n23W3CJ7hGDuvyTL5Xf,,100,100,0,0
2021-10-28 1:59:07,7448034,5EFCHngqo6cXtf7Xrzqm7E5SU3Bf4ydLhqCnpFTxx2gBBvKZ,53549000000,25,100,75,0
2021-10-28 1:59:31,7448038,5FNN7F3qq3cmVdjRzqqRZpu7a3x4A1yRMaCXKUisPVknJdDF,13589000000,50,50,50,50
2021-10-28 1:59:31,7448038,5FNN7F3qq3cmVdjRzqqRZpu7a3x4A1yRMaCXKUisPVknJdDF,13589000000,50,50,50,50
2021-10-28 2:00:01,7448043,5FNN7F3qq3cmVdjRzqqRZpu7a3x4A1yRMaCXKUisPVknJdDF,13589000000,100,100,0,0
2021-10-28 2:01:01,7448053,5E7Pb3CGSaXmnk7U6cW6NyGxyjhH3Um95tiBvrBGdZxtAzb2,960549000000,25,75,75,25
2021-10-28 2:01:25,7448057,5EM4m5rRo3qkvRUMprz9kXSKMHfZbjLKBH6BkD9GbuKXJyWn,224088169800,50,50,50,50
2021-10-28 2:03:13,7448075,5GEfkFdritetUKzCfXi9Bvk6dDoJCXzrJzHW3EGPV1ePEPZg,1988589000000,100,100,0,0
2021-10-28 2:06:02,7448103,5HeK6MqVALu4uZPxcaGghnnx9m7nVS3JktJfvXEgmYrtvb1Y,45513799984,75,0,25,100
2021-10-28 2:06:08,7448104,5CbrkUBroHMdbEEvQwgysUC66CY9eiZw2DHLLmB5PktVDU9U,2635979058850,0,100,100,0
2021-10-28 2:07:13,7448115,5CamTNGmHgM1jVL13B9sB8f7GAffNWr8voVATPnoFcEA3Y4b,25086437830,0,100,100,0
2021-10-28 2:08:25,7448127,5GjT9gxymKHUetms6DTXWYjBatU7jtC752MtxiR1P7MEgbU1,252616655295,0,100,100,0
2021-10-28 2:09:09,7448134,5HKtn974ZYayzEYK7nprCQMchNfwmSHAUi71A4A3cEhweZrk,9678351390077,0,100,100,0
2021-10-28 2:10:07,7448144,5ERue8zQFmoQTceSji7pUR1sWpuFeD5jVAFyDLsU94J5BGra,11089000000,100,0,0,100
2021-10-28 2:16:31,7448208,5HKWYzJPm3mHrVLgjco7Hk68byikibLQ54gbaSYbVgoYMyuw,11432999986,75,100,25,0
2021-10-28 2:18:13,7448225,5GRAJMH8sRRg9hHDvKe8DdPohLX5SyDr7CCzpBCuFwAQTJH7,,25,100,75,0
2021-10-28 2:22:20,7448265,5DUWDEK5Z2pa5Fwqh1Hyqcvs5f43J6Rk8sq6oj8DXnVW7J3e,8019802408759,0,0,100,100
2021-10-28 2:23:25,7448276,5EbouJBrsyoxXNEJzgaw1BYrJB7coBH6nFwyZ9Qs51mj6t7p,31579729719685,0,100,100,0
2021-10-28 2:24:25,7448286,5CPFVueczVvRnrBDvwtLbaNez9JnUdZkvCXLtVt6etq6FC8b,10432999986,0,25,100,75
2021-10-28 2:25:49,7448299,5DZFM1tAPxB9pPHKxehBZrEDDbWvNPZAWrdULcUZB1mATyk4,40122999958,25,0,75,100
2021-10-28 2:27:07,7448312,5FUQqzctv4xisbDhrhwzWfJjezYhn5zXSmwHXYMn4Qs2Ezac,99000000000,25,75,75,25
2021-10-28 2:29:13,7448333,5Hmq5rCx1Dp2bmDTx7EmL3Sc3s7CK3VBwyaKsGCfZbosBBpP,3618896284370,100,100,0,0
2021-10-28 2:31:13,7448352,5Df2AJXTySF6bzoRerg85oQMxQyVRHGmBqf1k4CJxe2FmuaA,13540000000,0,100,100,0
2021-10-28 2:31:14,7448352,5Df2AJXTySF6bzoRerg85oQMxQyVRHGmBqf1k4CJxe2FmuaA,13540000000,0,100,100,0
2021-10-28 2:34:55,7448389,5EHsbXVGLiHB4yUAP29tb48QacZBedZGgrMZ8SRtKAqPFjRE,395500995800,0,100,100,0
2021-10-28 2:35:31,7448394,5Gx8Tw2zhm5fR3fTttEerEL2gaiLTipq8nVJFAcmBWKQdD52,982636609986,0,75,100,25
2021-10-28 2:36:01,7448399,5HKWYzJPm3mHrVLgjco7Hk68byikibLQ54gbaSYbVgoYMyuw,11432999986,25,100,75,0
2021-10-28 2:37:11,7448410,5HBysXR95Kahr2GrFVXC57SUCZcNLmTJbFYHBDx8eERLim6b,309270704000,25,100,75,0
2021-10-28 2:39:07,7448430,5ESLnXSivmdpvMMqpQn7Ma5sHrHuGu39MGdRPRpVxVLH7gqB,826789660765,100,75,0,25
2021-10-28 2:39:12,7448431,5HKWYzJPm3mHrVLgjco7Hk68byikibLQ54gbaSYbVgoYMyuw,11432999986,0,100,100,0
2021-10-28 2:41:19,7448452,5DMPp7vssKb5NJYJa65Bhshbp52T2LFyS5anN5c1zVfPRiJL,19389000000,100,100,0,0
2021-10-28 2:41:25,7448453,5FLVvBnNhhc91KFZCrDAzDaGGmvzDJo3GDWYKvCzYNUVq1mm,13589000000,0,0,100,100
2021-10-28 2:41:37,7448455,5DDapu6Z66KPE4WdVeELfwPWZYfRQ2yRkmrjjU4DuQFTFX5t,20933309102044,0,100,100,0
2021-10-28 2:43:32,7448474,5CCigW4XkUtiY84udpT5kZzSsbuifgRF9gTHhg2chuMMN63t,57913862086,25,100,75,0
2021-10-28 2:46:37,7448505,5HmdXZ7LV7koxa9wLHjGriJtsG54A2ree6njHG2ia4oyaCHZ,19830730000,100,100,0,0
2021-10-28 2:46:55,7448508,5Gy52n4oF6T2Xd54exCmgnG6fqHJ9K4hERuLiZ71McEcWqP3,29549000000,0,75,100,25
2021-10-28 2:47:19,7448512,5HmWqGtbbLgZ5ouRG1rV4v952ehTn5Mx7DFeZHgihMJKZmjP,36401381687626,100,100,0,0
2021-10-28 2:47:43,7448516,5DoZ1ssDpxC7i19UrR4UDomx2og5dvGJkAY9hpru6w7tQUf9,41085999957,100,100,0,0
2021-10-28 2:48:16,7448520,5FNBAMuzFKAqzsKsuGwDLWFPjq29rcAefSpKj4Pm8YZqdMoH,11538000000,100,100,0,0
2021-10-28 2:48:43,7448526,5Gy52n4oF6T2Xd54exCmgnG6fqHJ9K4hERuLiZ71McEcWqP3,29549000000,0,75,100,25
2021-10-28 2:53:27,7448573,5E1VK5XUC4CymGfC9VyfKUpzSCQkQSDqtMm9ngTjxwH8SjHw,1267756598534,100,100,0,0
2021-10-28 2:56:31,7448604,5GEi4xdNAkAaKVomQH27PoP8dBmevcdYkT2fP7tK7a1hxSZm,30417959738,0,100,100,0
2021-10-28 3:01:37,7448654,5DczC7N65HdujAosBsHW6eCeGdWJdQTRbwGuR1e1WPZtDL2J,3852890629970,0,100,100,0
2021-10-28 3:05:08,7448688,5CqWkYAoojXjbjDvSqc6oFPEE23JXjAZoJ23rX4AzMueWVus,186411250884,100,0,0,100
2021-10-28 3:10:25,7448740,5HH2rSBR5pRxSHGqsjt4fUDWeQufugqgDASG4UYM3yRbsqGa,166202345912,0,100,100,0
2021-10-28 3:18:43,7448823,5F9UMAS8bqxc9KBU8JHbni49eSnBALohECUMpTvF6pXgwzEK,22924999732,100,100,0,0
2021-10-28 3:19:19,7448829,5EcJndmXfuwGMtgR2iA4J1ufYPC7bDhYnKHnjftnwyZwkbSF,207101396358,100,100,0,0
2021-10-28 3:23:25,7448870,5CNmqfxbriYX9K1kUG2Xsa6Pd82pNsTQPWN7xrxd8sgvNcFi,8094681753240,25,100,75,0
2021-10-28 3:26:31,7448901,5D7HSTBgFZ8ecyuKnmXraYyYctFndotXX1JasxM22A3iXMGn,,0,100,100,0
2021-10-28 3:28:13,7448918,5Enmjiu3oeEGek6jUxUzHvs9dNG3h8z73G2h1oZFAmFujs5k,104500000000,100,100,0,0
2021-10-28 3:31:31,7448951,5Da5jhvnn78pjoPwZu2bgt1kdd2rEYMsQZHVErCni6kr7j9L,63892999986,0,100,100,0
2021-10-28 3:32:07,7448957,5CqsjGrFMc7hWvc1g5wmwCzV77X6Hr1qBJCNVy1zFwXSbFFs,159290451200,0,25,100,75
2021-10-28 3:37:48,7449014,5FpZG3dJjw2cNdy1XbjTNdkus9uam5G1J7qAYtBUYKngaiz4,20000000000,100,100,0,0
2021-10-28 3:46:13,7449098,5GDzmFzUPA6ZVc4qfyjheAMynrjch1tJxi26QX3Di3sVXYJQ,849089000000,0,100,100,0
2021-10-28 3:50:19,7449139,5EEz7gp2E6WTxDUPLky6ntgGY6GBpYFHCm9N7nzdeyMwUevF,,75,100,25,0
2021-10-28 3:50:19,7449139,5EEz7gp2E6WTxDUPLky6ntgGY6GBpYFHCm9N7nzdeyMwUevF,,75,100,25,0
2021-10-28 3:51:37,7449152,5GLQUnNXayJGG6AZ6ht2MFigMHLKPWZjZqbko2tYQ7GJxi6A,218240000000,25,100,75,0
2021-10-28 3:57:37,7449212,5EsKQ6aVeYYhbK31RqZxoQ7ob9VutJDr5Hoa3qZRYRNAwnfT,277292210900,0,0,100,100
2021-10-28 3:58:01,7449216,5DdB8VqUdHA9D5b7dtE1WC9MrZRLZBvL46QFnwZ6rmo5SZza,12119003798471,0,100,100,0
2021-10-28 4:00:07,7449237,5HpxHBLdo9tdeuJjfjPG3SnPnTdLuSR4VVLqFey1w4tXozTb,6069232188242,100,75,0,25
2021-10-28 4:00:07,7449237,5EeLDk8Y4U8H19vt1X6Vn3CgamvoCUf5vkRinKFsHomiUWYb,11035620915120,100,100,0,0
2021-10-28 4:00:19,7449239,5GuMSdjcbsRGCc2fZW4xPGtM6SBdcQT34BcE7LkEKq21MYru,41000000000,100,100,0,0
2021-10-28 4:00:37,7449242,5CPa6j6ZPPVHeQgXHXo2UXmti1L7xXxLgN2AxYwVSD1NnYmZ,17493999852,100,75,0,25
2021-10-28 4:02:25,7449259,5H6AWpLc18uTSTTDfxiHrGiScVK9Xe5Hps7hv2sY8MM12NYv,19549000000,100,100,0,0
2021-10-28 4:05:43,7449292,5CfUH9BSFbz1HNrQA2v47enYG33XWihMJJRb4Cmrsps9xoyV,12589000000,25,75,75,25
2021-10-28 4:06:37,7449301,5Eh3Gh872NCmBMtE4amWgWRy9faBRsdBjioet4bYNdCFiotZ,207542666505,100,100,0,0
2021-10-28 4:06:55,7449304,5Gy4tu2o6wmjnE3qLcs3isFJFzUeubx6NYs3evLggsjWCjFR,1079658776607,0,100,100,0
2021-10-28 4:07:37,7449311,5Hmyh99NdMGanGy7EFxRSDrbp9UirF5b3aX1kxbYBrXUWcMH,19589000000,0,100,100,0
2021-10-28 4:08:25,7449319,5CyxVy1muA79vsQEpMgz44FNZEbTGeWGA4ytt1vSt1NANCae,107399865440,0,100,100,0
2021-10-28 4:11:55,7449354,5EpxXuH7cnpmFNK8wz37XVH2SVB49m1WCP2adargP95ibHY4,10172988340,0,100,100,0
2021-10-28 4:12:01,7449355,5E4Kg6vANX5hNJ8xh8VhWxzzSD74iXJb3KtgKnLhsuvotTCC,200587999945,100,100,0,0
2021-10-28 4:18:07,7449415,5EFQbWbefRdmFA5igzRN83c6iyTUBNPQLLsFS7SSSmgPsJrH,79703209196272,0,100,100,0
2021-10-28 4:21:37,7449450,5DA1FDgu9DRksozcZMpE7SstBTo5JpQjBY2PC9eq6TNBLdY4,7068452043235,0,100,100,0
2021-10-28 4:23:37,7449470,5CSfEwHGh7eEmyN15u1jmQckxrbWLmadmfyCzfiuRarfvZck,499052999964,100,50,0,50
2021-10-28 4:32:55,7449563,5HWCCe7amkN5LmkVW6Jr2Li8AWHi4RLuZ78SqGdHMcsNc5E7,50354584907,0,25,100,75
2021-10-28 4:46:43,7449700,5HC1RyCdNkRpL9ybDhLog5jCpatDcVcbre9whwTmpWcW3ooA,13589000000,0,0,100,100
2021-10-28 4:50:37,7449739,5HjcT6u3V7yXjCZMiHWEk4sdTeieT4MenNVcEe5NCQxk5Wg9,10309235097629,0,0,100,100
2021-10-28 4:57:55,7449811,5EHQ1C8sZTSLEZ5Ao2yZtZ5d2khvtEshbs5aCNANt28a5zMJ,15442799940,0,100,100,0
2021-10-28 4:58:43,7449819,5FtH2Hjpf4Y2ms4ACJJLLVsuwcMNMqxe9vGmxvsipQwxtJrh,1422828978630,75,75,25,25
2021-10-28 5:02:21,7449854,5DhpnxM3w5JxFg1W96His3XzYhWPDi4Fi15wPmvi83RCKP3D,5083110024361,0,100,100,0
2021-10-28 5:04:19,7449874,5D5JFeFYFk1hEpqwDrwFdhoAzknUT7VdsEyGiv5uu55x1Kzd,10400000000,0,100,100,0
2021-10-28 5:04:37,7449877,5FX5ukcnio8ixT1S1ydMX3sC6VXbdkFicMqMG2FmuBvry4Qg,7108686485146,0,100,100,0
2021-10-28 5:07:49,7449909,5CaUYC5NPnaXmRrYSKn2JNoYmmpFtZmU3dzWjtpgNKtoEScK,10400000000,0,100,100,0
2021-10-28 5:07:49,7449909,5CaUYC5NPnaXmRrYSKn2JNoYmmpFtZmU3dzWjtpgNKtoEScK,10400000000,0,100,100,0
2021-10-28 5:08:37,7449917,5D5gKwL45M8MeuHB2FvwNucz9aBMQj1LeZnUDdomofmnnveL,309788900000,0,100,100,0
2021-10-28 5:12:37,7449956,5EM3hEavynJ5Ti4wVaV1pgMXfg9NevPiSeJz4Q2JGmVKC6pk,10283976284434,0,100,100,0
2021-10-28 5:17:01,7450000,5CaUYC5NPnaXmRrYSKn2JNoYmmpFtZmU3dzWjtpgNKtoEScK,10400000000,0,100,100,0
2021-10-28 5:22:49,7450056,5DXLaSiAg3nka56Prkrs114Euhj1EtiZaJw719d9sEXiSWiC,1387495107536,0,100,100,0
2021-10-28 5:27:19,7450101,5Eo6JjowzehaowcUtyiYXd1LDF57UmmisCPi8uTyVLvHR97k,17029081950,0,100,100,0
2021-10-28 5:28:13,7450109,5C4nd5AhjAP6QUUZoUHkzYiPd2oYioGp9x73786VQJysg75v,2109229991155,100,100,0,0
2021-10-28 5:31:01,7450137,5HgMVC7jSnvqp1AaxZsQc6XAoUqfRhW9tAJDVMhhRpSQdcYh,10441146560098,100,100,0,0
2021-10-28 5:34:25,7450171,5FsTezPyPiLGwZqT779JgmpAGuTyeqg6FZkAfaXMUt65jAWv,28589000000,25,100,75,0
2021-10-28 5:36:01,7450187,5DPm92eL1nwvfrS3Tb4mU9sWo5frQQhobSwbLTfbXaJnWUwg,13589000000,0,100,100,0
2021-10-28 5:39:43,7450224,5E7sruTyHMeFyU2kL3HzocNACGaXXvJ3CLREr33JHNfEgRJP,6013589000000,75,100,25,0
2021-10-28 5:43:07,7450258,5EvJq95smwo3edFAT3nYYesDQFgoxdfCX4nere9XgXWEaSGz,107506000000,50,100,50,0
2021-10-28 5:45:49,7450285,5CWzVqwP5b6xeMTT1bcmkSh87hB26gUphtVPurw7qbmkjxPX,299500000000,75,100,25,0
2021-10-28 5:50:01,7450326,5DDJuYpA49YznPAYW8mnLT7rrwxN8M7LGDcNckHiqXT3qywa,27375673842,25,0,75,100
2021-10-28 5:53:49,7450364,5EtL5XXWyWnzwLivVx4yyyWSsuTECUwBcrrNMWqTrJ2FJGEZ,2796903202418,0,100,100,0
2021-10-28 5:54:43,7450373,5E1eRdbcJE8ymCYsPu2spt7GdmqTFaEZ35U3wQs4E5yRBUT1,15986945482725,0,100,100,0
2021-10-28 5:58:13,7450408,5ERbniHaPs6o2LKowf4tBihVPB89LLmejmsGfxDAQQFYGoKu,448175131100,0,25,100,75
2021-10-28 5:59:31,7450421,5Hp4DJHxkodgrvZMZAY74W8aFhK3pdb2JQVeEpXJvw5cpFS6,49589000000,0,75,100,25
2021-10-28 6:00:31,7450431,5GWAUrMhbMs6SH3rcyqyUjwosdVcui44tXuHtgZXVtKPpq9j,30429000000,0,25,100,75
2021-10-28 6:15:31,7450580,5FvKfRaNx6HY2hkQm3kWbY5UuewJYarbNRi9tmMcMKGjVg1X,3116055691000,0,100,100,0
2021-10-28 6:16:19,7450588,5CUTTHSSr2CAAcKhxxXsYapZTr191Dk1YYWydaU72D4Dm41i,131444283184,0,25,100,75
2021-10-28 6:19:01,7450615,5FNiZc7zJLb7Bb1yfZuoPP1Z83Dc9fjUcYHcR2d5HmcgETKk,139818703000,100,100,0,0
2021-10-28 6:20:19,7450628,5GLFfUfeEG5zfbvXVDt8BQBhu47fqgywafeY3xntpESb6SNH,18136999610,100,100,0,0
2021-10-28 6:20:55,7450634,5FnyMUj8Lq1mHRLGXhxnPBobkKBDdbuCMGgDteeQtpfp6Rk9,12620439925,100,100,0,0
2021-10-28 6:20:55,7450634,5FnyMUj8Lq1mHRLGXhxnPBobkKBDdbuCMGgDteeQtpfp6Rk9,12620439925,100,100,0,0
2021-10-28 6:23:31,7450660,5H3eCbn4Z2DjWkHM51MqcpMvJfQTfjaJ7jw7LZbVCBUajS1B,46121999918,0,100,100,0
2021-10-28 6:26:07,7450686,5G941jrqtLsbvdkKGXfujyb2VGPrpsrYX51pHdZzuYKPjwtY,1076732545712,100,100,0,0
2021-10-28 6:26:07,7450686,5G941jrqtLsbvdkKGXfujyb2VGPrpsrYX51pHdZzuYKPjwtY,1076732545712,100,100,0,0
2021-10-28 6:31:25,7450739,5EJ31g5vpHdtjPWYuKm7HTY66SUWppB1u8sZE7qck4yBPu6f,12549000000,100,100,0,0
2021-10-28 6:37:13,7450796,5FerbADD8zR53738gAgqrC6q2AKGy75dxdjEtj6UAgpW1Exm,,0,0,100,100
2021-10-28 6:39:19,7450817,5CRxTNc8vFHVrrSXPKaYsaBkahZKfKV21Kh3uGFddyqGHqj2,5381707447123,25,100,75,0
2021-10-28 6:39:49,7450822,5CPcgJAVUBNtd5ikWvHPdn2F1chDxSMAKgDB287bVC249Kgs,14821634870733,100,0,0,100
2021-10-28 6:42:07,7450845,5EsQZTb6Wmp9YTQE9FfxtbHREwgQr9b3Ab8BGrUpQBsUcaQ3,20549000000,25,75,75,25
2021-10-28 6:45:55,7450883,5EtL5XXWyWnzwLivVx4yyyWSsuTECUwBcrrNMWqTrJ2FJGEZ,2796903202418,0,100,100,0
2021-10-28 6:50:25,7450928,5G41M3YicouHY9hYGS3BevRnN1WbrfRL81gZa9QnJNzAxKjY,573804599972,100,75,0,25
2021-10-28 6:55:55,7450980,5HdqYddiznj97J7yFVsXz6fU7KX5G7E6Jni2fmBf7QSHTHSf,14000000000,100,100,0,0
2021-10-28 7:01:19,7451034,5HGf4YKkf7X5eDv5cXi2UehKVRkPoZdmueCq4HRDyZKZbFgS,533441994000,25,100,75,0
2021-10-28 7:02:55,7451050,5EF5TqSezn9pUS543VdXTDciHrbhNSCSZXvY7bBysZs3Xwmr,1736633270000,0,100,100,0
2021-10-28 7:03:25,7451055,5EF5TqSezn9pUS543VdXTDciHrbhNSCSZXvY7bBysZs3Xwmr,1736633270000,0,100,100,0
2021-10-28 7:04:01,7451061,5EHsYwMknMnJPuF3TDM4EsnWy1B9PbQNXajvLAfsm8nKPTui,1497775999900,0,75,100,25
2021-10-28 7:05:40,7451077,5EU7GGmwiVMdsc9zAHduRe18C1LNtC6rUnK6LoPxnWQk1mYu,50570690375297,100,0,0,100
2021-10-28 7:07:37,7451097,5F1LbZ3Ap6gnnLqLdVCiLVELBVuswP4ybS6ZxJ5k6C7hXT1n,10040618846882,100,100,0,0
2021-10-28 7:14:01,7451161,5FFG7FuHL5pJiNqpt1zvkDPn4R6ArT8cAWxjAa13HCP7MQvS,30904852655748,50,25,50,75
2021-10-28 7:14:52,7451169,5DoS6ZRi5nAUUXHTqiwVRS2wFhFb6pcLxgnhUe6HaacnV6xW,9117980999748,50,0,50,100
2021-10-28 7:15:13,7451173,5HFG7GSNjEBbRmLq9MgMpStESxsJGyQMeyLejC547CKZ1SVb,9114589000000,50,0,50,100
2021-10-28 7:15:31,7451176,5HMiDTEPK9wf2ct8iqTdthXaEmVxf8tWJeYHF5ZdpivJt3oJ,9114589000000,50,0,50,100
2021-10-28 7:15:43,7451178,5G8iD2ppShBJJonfJiiiUvewhE56hS3qkbzJGpAVw2yGDSTr,9114589000000,50,0,50,100
2021-10-28 7:15:54,7451180,5D8wfZRiMBnJ4vTeAiuKPkVuTBdPFKUDpLDKUG7b6hVJ3Gjx,9114589000000,50,0,50,100
2021-10-28 7:15:55,7451180,5D8wfZRiMBnJ4vTeAiuKPkVuTBdPFKUDpLDKUG7b6hVJ3Gjx,9114589000000,50,0,50,100
2021-10-28 7:17:13,7451193,5D8wfZRiMBnJ4vTeAiuKPkVuTBdPFKUDpLDKUG7b6hVJ3Gjx,9114589000000,75,25,25,75
2021-10-28 7:17:25,7451195,5GEphGf1JVBVGjUbMF8LTHxBRqXdxnbprdgNZkWit1KKWi59,9114589000000,75,25,25,75
2021-10-28 7:17:31,7451196,5DwzNcJk9dxzj1zS5qhNd1yYySe8AXZAAnD1oBiHoijEM9HX,27087894895771,0,100,100,0
2021-10-28 7:17:41,7451197,5EqQZ1XtxcukxJutZs2ijnbhGv5Ci8EMa94e2a5nLeHFVuWE,9114589000000,75,25,25,75
2021-10-28 7:17:49,7451199,5GJqD16UYQprJb8VJxBVPqBkktVmtuKmtYJmqHF2LiYax32M,9114589000000,75,25,25,75
2021-10-28 7:18:07,7451202,5CFG7GUAN72CQyKWyg6x65JCwnoHqdL2DiPQJJE6SgLSWuWu,9114589000000,75,25,25,75
2021-10-28 7:18:19,7451204,5DFG7G4f5aqKFizyh8f6MybFDnBntHjhfyYwmJJGHWi9SuGr,9114589000000,75,25,25,75
2021-10-28 7:18:37,7451207,5FEpgqtthtc22gA6cjEWX7xf3a4R8jH5ktJGmdfdZ9afHL69,9114589000000,75,25,25,75
2021-10-28 7:19:08,7451212,5FEpgrVpbMGYtNaw6DVcG238V5kQ8bS4zt3XVVSUzS4o4Ydg,9114589000000,75,25,25,75
2021-10-28 7:19:19,7451214,5GFFhGJMDvDjfLXR9w7aVgvvUiGTzaxs91HUC4A9Rn16hMQD,9114589000000,75,25,25,75
2021-10-28 7:19:31,7451216,5HEq7FqwewvYviUte46Tx4fUpd6Vx3GXEMQfuC1dv1QuzCxJ,9114589000000,75,25,25,75
2021-10-28 7:19:47,7451218,5ED9D3EwSzTbRbs6N8SNwrcTT12qx8wifF2TWe8ucQWz4e4h,9114589000000,75,25,25,75
2021-10-28 7:19:55,7451220,5DpiDTEABEovgqQfhdQw89jDwwh559jmQxYmqvRShp7X5CAn,9114589000000,75,25,25,75
2021-10-28 7:20:07,7451222,5Ev8n3EeKqs4W1erK8Jb3ThDzegA8fpCQ8vh6T1P5KhVrsCX,9114589000000,75,25,25,75
2021-10-28 7:20:07,7451222,5Ev8n3EeKqs4W1erK8Jb3ThDzegA8fpCQ8vh6T1P5KhVrsCX,9114589000000,75,25,25,75
2021-10-28 7:20:19,7451224,5Fk8n3E8qS42xaCxgHYaWyGRD4KBVN93jDngeXzB6cxj8qfL,9114589000000,75,25,25,75
2021-10-28 7:20:19,7451224,5Fk8n3E8qS42xaCxgHYaWyGRD4KBVN93jDngeXzB6cxj8qfL,9114589000000,75,25,25,75
2021-10-28 7:20:31,7451226,5FshnTETkomzGXPzqBDiTCvo9C5pvR8fRoXCVMzG4dhMndpN,9114589000000,75,25,25,75
2021-10-28 7:20:43,7451228,5HFiD3EVG7NdEZucRQGoVKjV1ZKLEKsCfzbtqHQiuTznvPt7,9128594999594,75,25,25,75
2021-10-28 7:20:49,7451229,5GsiDTEc67VNfPp73TdHGiyayg4ARnyU1c19XKxo6gj2ZTsj,9114589000000,75,25,25,75
2021-10-28 7:20:49,7451229,5GsiDTEc67VNfPp73TdHGiyayg4ARnyU1c19XKxo6gj2ZTsj,9114589000000,75,25,25,75
2021-10-28 7:21:01,7451231,5HY8nTF6xqW5m3mUiL3jXJETfLeZxNka6Kgsjs7dazM5S5YU,9114589000000,75,25,25,75
2021-10-28 7:21:13,7451233,5DfdfZ1JFAQvWe8E6qvtWbozpZ3QNvt5Lr4PP3WM1Dikose3,9114589000000,75,25,25,75
2021-10-28 7:21:25,7451235,5Diw68RHvkm1XHCf7iCVSyPC63QWg6FZhbHRbXniYeT3jk45,9114589000000,75,25,25,75
2021-10-28 7:21:37,7451237,5DotfZRhkxyv75xZBM77MCR4rV9pXbCeGq6Vu1vdUQ2o4Zxr,9114589000000,75,25,25,75
2021-10-28 7:21:55,7451240,5EV1681HjFbp45vZ3CAkpiCiMMmTBLEzLsMzTvBZJQu765so,9114589000000,75,25,25,75
2021-10-28 7:22:07,7451242,5F3e681HXo23yTvBPZir2zmkYmfYuVGkyAEPaKeNmoZ4VFAK,9114589000000,75,25,25,75
2021-10-28 7:22:19,7451244,5Fd86ZRhfSV45D8rf3pN61THne499BP6UcVLrnjfLKwkeDYS,9114589000000,75,25,25,75
2021-10-28 7:22:31,7451246,5FtGfZRi2gBCiJqcaVFuN4Dri7kBoGZVD8cnMVN8oEkKnGMQ,9114589000000,75,25,25,75
2021-10-28 7:22:43,7451248,5FtQ6ZRHwtvNMuhnyyaAqqdEmfvCFRw842UHhb2nXzpd8uBC,9114589000000,75,25,25,75
2021-10-28 7:22:55,7451250,5DxzNSXUY4RRZAaEMF7DcJ7wZdhEKntrKJGtHSuy3eqWwBWA,9114589000000,75,25,25,75
2021-10-28 7:23:07,7451252,5EpoP16tXucFygtVoFKQpS9eWizezDJdj6nWoPyVxmLyS84r,9114589000000,75,25,25,75
2021-10-28 7:23:20,7451254,5FGywSXUYMc8UqQQyQGCy7pvjK54EQej4YsSTHYAvamCYvb5,9114589000000,75,25,25,75
2021-10-28 7:23:37,7451257,5GKQJf5STrifQTupnzedx6MNw5iHu3ZydkNRL9czsTDjsP3q,9114589000000,75,25,25,75
2021-10-28 7:23:37,7451257,5GKQJf5STrifQTupnzedx6MNw5iHu3ZydkNRL9czsTDjsP3q,9114589000000,75,25,25,75
2021-10-28 7:24:01,7451261,5DvsTPyYM6pCLWEWzJa9n8hUdZ9uYAvXKrU3rxkfoPrkK4de,53493070638891,75,25,25,75
2021-10-28 7:24:01,7451261,5DvsTPyYM6pCLWEWzJa9n8hUdZ9uYAvXKrU3rxkfoPrkK4de,53493070638891,75,25,25,75
2021-10-28 7:24:37,7451267,5CvtPgNz9YbVR3g7aLZmpJrKVR7hSiNBx9LfsRfjKJXVm2uR,9114589000000,75,25,25,75
2021-10-28 7:24:49,7451269,5DNu4JaUDzAZQhE56RNmcCkBorrCdpR5P1inUagu4eVaioCR,9114589000000,75,25,25,75
2021-10-28 7:25:01,7451271,5FsvQcBHYtSWvGuaoKMWmCaxFpoqgZKjcJKHjzUztjWtBQDh,9114589000000,75,25,25,75
2021-10-28 7:25:19,7451274,5HGPVEvu7dQjGA1zS9Ei7NG7xNpiVKd69VVCtmixqYb6WvUT,9114589000000,75,25,25,75
2021-10-28 7:25:31,7451276,5CetujzCxuhGnSe14okG5oTrTM12pBLzy5xBJom7urCofPU9,9114589000000,75,25,25,75
2021-10-28 7:25:43,7451278,5Gzqm56zG67EG8jze5Cc7KzZbPaiEVMoC2dHuY37Arffiho7,9114589000000,75,25,25,75
2021-10-28 7:25:49,7451279,5CpFgqnaPgeXQMTWJRUuhnBdrdVFiLfKxuhNA17HwLfk26nd,9114589000000,75,25,25,75
2021-10-28 7:26:01,7451281,5FjKGDX6yBoSYFmyV9rnUjXVC6DeszeQtfcGk9MvEr4kZvG4,316981124200,0,100,100,0
2021-10-28 7:26:13,7451283,5DEq6r7A2omS7rXJZdxHtr2t7wuWTcGS1yLVmyXXEYAgojPg,9114589000000,75,25,25,75
2021-10-28 7:26:19,7451284,5EEpgqphTNFcGxBAFmyQpcQ6g8mfcRJYaTrSi5rR9D8uVxfx,9114589000000,75,25,25,75
2021-10-28 7:26:31,7451286,5EEq7GFEPLhWdsqroQGh6RGjYFuS3kT3WueFTdTvhbZ8gUT3,9114589000000,75,25,25,75
2021-10-28 7:26:43,7451288,5EEq7GJ3qCppZGKVLH2RYMjcPPrk9NKnehnkHxCJZLUUaCUG,9114589000000,75,25,25,75
2021-10-28 7:27:01,7451291,5EFFhFwzSAqzkTHGPq7DPBmicwGDeURH1RZ8sMjkUHwmPz7R,9114589000000,75,25,25,75
2021-10-28 7:27:07,7451292,5EFFhFwzSAqzkTHGPq7DPBmicwGDeURH1RZ8sMjkUHwmPz7R,9114589000000,75,25,25,75
2021-10-28 7:27:13,7451293,5EEq7GQTAouifMXwSY9jjwYTSYVe1KeFsseNLqG7tVLZYBvm,9114589000000,75,25,25,75
2021-10-28 7:27:25,7451295,5DpFhGB8VU7rzzUcUxJBrZjfVqqRfGQ9rjYb29c7gyVT9woK,9114589000000,75,25,25,75
2021-10-28 7:27:25,7451295,5DpFhGB8VU7rzzUcUxJBrZjfVqqRfGQ9rjYb29c7gyVT9woK,9114589000000,75,25,25,75
2021-10-28 7:27:37,7451297,5EFFgrdmZueyY7H1spWgZxMxwobonJca48hmMmHn6VvGqSxj,9114589000000,75,25,25,75
2021-10-28 7:29:31,7451315,5E2fdqcpd2ewSDRBwUXBm6KwmQemrEzpUA3fHTWLwfrUz5FK,,100,100,0,0
2021-10-28 7:33:32,7451354,5CPcgJAVUBNtd5ikWvHPdn2F1chDxSMAKgDB287bVC249Kgs,14821634870733,0,100,100,0
2021-10-28 7:36:49,7451387,5DJ1a17dJn1NoxWq9D1qeTMhG7BSfU3Dob1DA65TL4VsFFN1,327820000000,0,75,100,25
2021-10-28 7:36:51,7451387,5DJ1a17dJn1NoxWq9D1qeTMhG7BSfU3Dob1DA65TL4VsFFN1,327820000000,0,75,100,25
2021-10-28 7:38:25,7451402,5DFjtdRzdrdkWJecS6mDFK8ShPk7sXmyhWiEuZic85JKoYrk,18589000000,100,100,0,0
2021-10-28 7:39:13,7451410,5DFjtdRzdrdkWJecS6mDFK8ShPk7sXmyhWiEuZic85JKoYrk,18589000000,100,100,0,0
2021-10-28 7:39:49,7451416,5G1iR3WTmTxvLUA2VH7iQEcL7ukDQiCYpJ2CDfe8onqa3nfQ,19589000000,0,100,100,0
2021-10-28 7:40:07,7451419,5DCTzVr3Grj4cNR8YNJZDMNsnFczMD67WUiR1fEhJvLkkwQR,3559803499911,75,0,25,100
2021-10-28 7:42:07,7451438,5CcxDff8pVN9E3Zwrge26xyXCTeZHq4Zz7uhcaPQueCB3nvs,14589000000,75,25,25,75
2021-10-28 7:46:14,7451479,5GZa3yo9wjPhu247FP1vfGU3nhLaFNF1HYrNuprY6GA1cNW8,3404720060717,50,50,50,50
2021-10-28 7:46:19,7451480,5HKnaBwiTL8fqPM1jxxH1GHUGc4Q1eqk4fUqdTYF4VcTnpL4,11112004751,0,100,100,0
2021-10-28 7:46:49,7451485,5GZa3yo9wjPhu247FP1vfGU3nhLaFNF1HYrNuprY6GA1cNW8,3404720060717,50,100,50,0
2021-10-28 7:50:25,7451521,5G8tTTpwooccDyY5AopYg2U3f5GAvKWzAkDEy2T1QXBW8yky,175206899972,0,0,100,100
2021-10-28 7:51:49,7451535,5Ct4VfuTwxdUV81i55eJxN1BD6PiaCMy8VkaYwthEB1fugms,147209440800,75,100,25,0
2021-10-28 7:54:13,7451559,5CkZJGcKQPwQZU3UHLLeRBP4Gmp5DA7mqrPNtKXvZiaAGov6,10319529914,0,25,100,75
2021-10-28 8:02:07,7451634,5EPKqJ9ps17JDLmYj3tpx2tzT7yx66RuwmLXzReDFhbXNtLj,833344506596,100,0,0,100
2021-10-28 8:03:19,7451646,5Fk9JbP7bA2ndLTN9S2Hrhs3FbhqJv5q5MyKCBphu9SXg7Tq,2027301999985,50,50,50,50
2021-10-28 8:17:07,7451783,5FDoQJ3U1u5DkYaLtySizmdRd1q3iidSKBbB8X33LZfGaeBc,15052856531044,50,50,50,50
2021-10-28 8:19:01,7451802,5FgdRusCP5PPAUimE4939bc4B2j3wEVMCVzuPqws3tPUkWB3,48589000000,0,100,100,0
2021-10-28 8:22:07,7451833,5H9UwQXXjyU5wSW4JiAaFqR1aE3mRrPT39eQQyAJJtzmJWkw,136043999986,25,75,75,25
2021-10-28 8:27:37,7451888,5CPyLfgd1KdNRD3ezL52W2HEQ15zmChq3Vxzefqr4ExyF5ck,704330793500,0,100,100,0
2021-10-28 8:27:55,7451891,5FX5SG9zTsbrS1rQq8WPsgoTCmSjAjJyWq13ZpDrGiFkpTJ7,119385956269123,0,100,100,0
2021-10-28 8:28:01,7451892,5CDn6us5XRngz99xuW9TaB7Twz9rU2g3WmpiDUoyyi37fL6g,10532999986,25,75,75,25
2021-10-28 8:33:37,7451948,5H9Si1x2LJuG64ckDYP611vN7Rc7Mv5VF8JvpRbySPFKtAtM,27720974198,100,100,0,0
2021-10-28 8:39:19,7452004,5CDn6us5XRngz99xuW9TaB7Twz9rU2g3WmpiDUoyyi37fL6g,10532999986,0,100,100,0
2021-10-28 8:40:25,7452015,5FuqUZ4hu6EfckB5Djm1rZccbDNhijoDicSi5WpAzzKWhWf2,48589000000,25,50,75,50
2021-10-28 8:43:01,7452041,5EcZMVyLghcCnXZ8HjBKU7yfK49owqF923gd675CYK5eSQxy,39363999873,50,75,50,25
2021-10-28 8:43:07,7452042,5CrGkhjswZPpX2YkwwgyxWxT7cdVxnMPdKCxsZV4UnmPQhcC,42895852928,0,100,100,0
2021-10-28 8:43:46,7452048,5HpBf4nP24jjThZDVHkSXCEascknwCa34uMbi3jKS82iStzx,56062501200,0,100,100,0
2021-10-28 8:46:25,7452075,5FbeNhAepEmbvEiNTkPvJdHCKYCpgE3M3n1BPsGGd7X8cpzM,101163999972,100,100,0,0
2021-10-28 8:57:56,7452189,5GuYx6fHXMgG8tYDuGxefygZpWen79M8w1UBQZKwUVTjVwqD,50530028511,0,100,100,0
2021-10-28 9:00:25,7452214,5CyB7TNq8jfsE3bqqhdExUogAnybDduEPWDnzHzqfK4phThy,18907999902,50,50,50,50
2021-10-28 9:00:55,7452219,5CyB7TNq8jfsE3bqqhdExUogAnybDduEPWDnzHzqfK4phThy,18907999902,25,50,75,50
2021-10-28 9:01:25,7452224,5DwR4jLFGWWfQuAm2B8aiwQU63s6L4gF1J3LVHUFzxTxFWEc,11691999972,25,50,75,50
2021-10-28 9:01:43,7452227,5ExxhBqiNHYb7Fxk5J1PurpPYoRm7tX79N35TNhoE3QPfyzB,12000000000,25,50,75,50
2021-10-28 9:02:01,7452230,5FpSJH1ByAYQpFD4i2SNjVd6MwCtCVkqudz8BAPzSha3CEeC,12000000000,25,50,75,50
2021-10-28 9:02:25,7452234,5FpSJH1ByAYQpFD4i2SNjVd6MwCtCVkqudz8BAPzSha3CEeC,12000000000,25,50,75,50
2021-10-28 9:02:25,7452234,5FpSJH1ByAYQpFD4i2SNjVd6MwCtCVkqudz8BAPzSha3CEeC,12000000000,25,50,75,50
2021-10-28 9:05:25,7452264,5EASQtze6aPobvReHCxo23HLXnq1yMyajYhvvaXKVwHXskUy,,0,100,100,0
2021-10-28 9:05:37,7452266,5D2JQD65m1jpVzdDBNe7W8yVbYPRHrWkK6CFrcjpvSPA1w9q,46694846785,25,100,75,0
2021-10-28 9:11:31,7452325,5Df8KZniF28dUNQc1S6exu1CK6WWS9KUW6jKayP4sKk2HYwL,1295101190000,0,0,100,100
2021-10-28 9:11:37,7452326,5HNKKqGZgxrffwajJv5n9cKE7vggE77ggdbTzSy4FVJStHUs,,50,50,50,50
2021-10-28 9:16:01,7452369,5DaDDabWGbHUDohKK5JFBgw7j8xVGijYZCgpAuXQzkEWkkMs,6051588418621,50,50,50,50
2021-10-28 9:16:37,7452375,5DaDDabWGbHUDohKK5JFBgw7j8xVGijYZCgpAuXQzkEWkkMs,6051588418621,100,100,0,0
2021-10-28 9:17:07,7452380,5DaDDabWGbHUDohKK5JFBgw7j8xVGijYZCgpAuXQzkEWkkMs,6051588418621,100,100,0,0
2021-10-28 9:17:25,7452383,5EqjLA5AHpiqd2QktZqhKbugSqqBScFCZPSzkYXXnedpBfUa,457940849760,100,100,0,0
2021-10-28 9:18:43,7452396,5FbiEM1Ekk9RGPhKrhNDL4A4B1yGYZHgs4u1kbG788Kkz8Yr,1975310486017,0,75,100,25
2021-10-28 9:18:44,7452396,5FbiEM1Ekk9RGPhKrhNDL4A4B1yGYZHgs4u1kbG788Kkz8Yr,1975310486017,0,75,100,25
2021-10-28 9:19:23,7452402,5DS1m9hMfoiT9k5VyyD3emnCXKx6HTesWgj8vc6yMH4AFKVU,99549000000,100,100,0,0
2021-10-28 9:19:27,7452402,5DS1m9hMfoiT9k5VyyD3emnCXKx6HTesWgj8vc6yMH4AFKVU,99549000000,100,100,0,0
2021-10-28 9:21:01,7452419,5FHj6fwCZLjADer8FdR6q3ibBXq6vHMxb32oFTpiVHgt7gEw,21363864600,100,50,0,50
2021-10-28 9:25:21,7452462,5FvbuEMJTkpXSt1GRkWjMZUh3TRdEyov2Gy1y44uj2ZMCRnc,3640842100000,25,100,75,0
2021-10-28 9:25:21,7452462,5FvbuEMJTkpXSt1GRkWjMZUh3TRdEyov2Gy1y44uj2ZMCRnc,3640842100000,25,100,75,0
2021-10-28 9:36:25,7452572,5DsnEYe64f1gujSodPWVCKE2ECmrtvtHA74Xh7hPpaT6eNsV,1508728839836,75,100,25,0
2021-10-28 9:36:31,7452573,5FWBtV5NDMQf3vupAEWEGuAVkXsij8XCmSpATGum8MCq5EbL,29334999986,0,100,100,0
2021-10-28 9:36:55,7452577,5CqJc7HoiapPyXmBXMfdPq5Ydo5yMEJ5gptMDXYyRtiZaFGi,15728938542620,75,100,25,0
2021-10-28 9:39:19,7452601,5DcwZrj8AviTiAatFbHNZr8GgvamaJ9HWBPuA7qGsQXT7KLF,108838999934,100,100,0,0
2021-10-28 9:39:19,7452601,5DcwZrj8AviTiAatFbHNZr8GgvamaJ9HWBPuA7qGsQXT7KLF,108838999934,100,100,0,0
2021-10-28 9:39:55,7452607,5FKem5LEm6NhGTkg1tQ6R9L6iuuU4W3npfvJFygxSH8FNEpm,738456294200,75,100,25,0
2021-10-28 9:40:19,7452611,5EL5o2Wxuc4dFGt5sUwAkFT4vYETz1CPbhCkbKXw5gxbf3Hz,13308999930,100,100,0,0
2021-10-28 9:40:31,7452613,5CtaZoTNh3S63taUzkUESyRSY3BDJhfgye97cEtcBBd8jkgR,34889595948106,100,100,0,0
2021-10-28 9:40:37,7452614,5D5FcikPF2khQ4FUDXo2ufTSgMbyPcCK9XACe4goYJsjFYgL,237003369107,100,100,0,0
2021-10-28 9:41:04,7452618,5DF6MkCKNciTKVpRAeVPtdAHoHooEwdtm8oHGLAaa6FPfQzp,41614457708,50,50,50,50
2021-10-28 9:42:43,7452635,5FsnceF9jHj4joWUnfXftaKpcST75XnKFBjzZL8fPJuZ1aAV,2290908092236,25,75,75,25
2021-10-28 9:43:31,7452643,5GEcNQmCBWFAzARdiTo8NjjSg7r1GMvmMZTw1PVmLP9WrPb2,28259999801,100,100,0,0
2021-10-28 9:45:19,7452661,5DF6MkCKNciTKVpRAeVPtdAHoHooEwdtm8oHGLAaa6FPfQzp,41614457708,100,100,0,0
2021-10-28 9:45:25,7452662,5GYWpMbvCLhwQ53TK57nXFFzLpbhPazW9Dw2h3TrtqysWAcZ,14542092536,0,100,100,0
2021-10-28 9:46:49,7452676,5EecAHceuBsFhx9KNYseSm8Jt3HYM5bRFjUgF12FXCDN654Z,17060846000,0,100,100,0
2021-10-28 9:46:55,7452677,5HJzYL9E9SCfjL7vzHajk7WTn32V1218tGTiqG3stQRGUn2A,99589000000,50,50,50,50
2021-10-28 9:48:43,7452694,5HJzYL9E9SCfjL7vzHajk7WTn32V1218tGTiqG3stQRGUn2A,99589000000,100,100,0,0
2021-10-28 9:49:19,7452699,5DyherUHrHwrCbrhimNfHVGzaLjAufgxHGeYcisuoVeTo2xH,12775400000,0,100,100,0
2021-10-28 9:49:43,7452703,5DJhU6fosKjAGCqdsUQfWbS1izrp7CJ8zQKYdkrqSBms1u3k,32053793506808,100,100,0,0
2021-10-28 9:49:43,7452703,5DJhU6fosKjAGCqdsUQfWbS1izrp7CJ8zQKYdkrqSBms1u3k,32053793506808,100,100,0,0
2021-10-28 9:50:19,7452709,5Dq5vYU8oYKkXpQeHLHpcVTVwvtnPAtPzTJacrP1PKq64asF,53199528375765,0,75,100,25
2021-10-28 9:51:37,7452722,5Dz9VYpmeQrZJpSTaiQYWSq9L2wT8NsNuaREXzkHDpbJApM1,12410172635671,0,0,100,100
2021-10-28 9:51:37,7452722,5Dz9VYpmeQrZJpSTaiQYWSq9L2wT8NsNuaREXzkHDpbJApM1,12410172635671,0,0,100,100
2021-10-28 9:51:55,7452725,5Dz9VYpmeQrZJpSTaiQYWSq9L2wT8NsNuaREXzkHDpbJApM1,12410172635671,0,0,100,100
2021-10-28 9:53:01,7452736,5F6kdebC3H1PEVzjuxSMjEXtA1A9DQg5iJLNHyDMJywd3FXC,207454634098207,25,75,75,25
2021-10-28 9:53:19,7452739,5EqCkraKfrGBrmQkomHBamFfKJbc2s9mnEmd5vZr71n6DwcP,20589000000,100,25,0,75
2021-10-28 9:53:37,7452742,5H6boJMWYwFDZLb7D7s4VskdVmvZbPebyqsV3vWGhCqvWwAN,18095999758,0,0,100,100
2021-10-28 9:53:43,7452743,5EqCkraKfrGBrmQkomHBamFfKJbc2s9mnEmd5vZr71n6DwcP,20589000000,100,25,0,75
2021-10-28 9:53:43,7452743,5EqCkraKfrGBrmQkomHBamFfKJbc2s9mnEmd5vZr71n6DwcP,20589000000,100,25,0,75
2021-10-28 9:57:55,7452785,5EUJhWYZ4uK4nSufATG13RSp5SE6ry2EyrZ8NTwvtkZCz1d9,587042399958,50,50,50,50
2021-10-28 9:59:10,7452797,5CiB12iYd6c7tnr8428xkiW624Moz5GMSc8F9zo5pCxJjyjC,80635496038,75,100,25,0
2021-10-28 10:06:09,7452867,5DtnML8eMhaxT9EtXRQqzHf5MvGicYxihnsiJUbn2sLkJiCo,977030481644,0,0,100,100
2021-10-28 10:09:37,7452902,5G4w8pK7Du4WRw1FYN9YHGEzvzXciXKsKMQKBYPSVzLe9RTC,7023362965718,0,100,100,0
2021-10-28 10:10:49,7452914,5HYg13hYfAhGy5u4enf5qHtv1oGcDiSdFiFsf7QrBr5j9785,812545000000,100,75,0,25
2021-10-28 10:13:07,7452937,5F3sGXSFDCcXG8NBJjYvrcdqem2UtvNZMqfFCBTyBFLYWAhR,3800170999966,50,50,50,50
2021-10-28 10:14:13,7452948,5F3sGXSFDCcXG8NBJjYvrcdqem2UtvNZMqfFCBTyBFLYWAhR,3800170999966,0,100,100,0
2021-10-28 10:21:37,7453022,5E21pYNkmrVvkxkzxFnq1D3ytXYiDU74Gq7Jas8EnyWbDo2U,182946000000,100,100,0,0
2021-10-28 10:21:50,7453024,5FnAywC4QsiVxJoEC9MPuXi36ADaaH56ncGASWoJS4FrUSwA,19589000000,100,25,0,75
2021-10-28 10:21:55,7453025,5CqUmkGNGRE8HBo5aB3JcgcmH4ipnFbTMCLedLkJHKXs51dX,60302437394,0,100,100,0
2021-10-28 10:23:25,7453040,5DHg6SCosHcgHM6Wshm7APwPE8LU79Uiy1G822FHDY4s1xRz,29235600000,25,75,75,25
2021-10-28 10:24:01,7453046,5DHg6SCosHcgHM6Wshm7APwPE8LU79Uiy1G822FHDY4s1xRz,29235600000,25,75,75,25
2021-10-28 10:24:01,7453046,5DHg6SCosHcgHM6Wshm7APwPE8LU79Uiy1G822FHDY4s1xRz,29235600000,25,75,75,25
2021-10-28 10:28:55,7453095,5GWGarFWqanigYdP53KD65DnbKFFMRY9gohWQ3ihtVu3N6m7,15089000000,0,0,100,100
2021-10-28 10:28:55,7453095,5GWGarFWqanigYdP53KD65DnbKFFMRY9gohWQ3ihtVu3N6m7,15089000000,0,0,100,100
2021-10-28 10:29:13,7453098,5CLfaJuG9HqJfpAN5rXuHhBF7oqAF5bucDEqKQMME6Z8bhUj,21777200000,0,0,100,100
2021-10-28 10:29:19,7453099,5Ec4rjZtdtRjVaz2o3dvtdeYjUTi7NUbcniKh4Vy1NnY1xTt,626280009751,50,100,50,0
2021-10-28 10:29:49,7453104,5GWGarFWqanigYdP53KD65DnbKFFMRY9gohWQ3ihtVu3N6m7,15089000000,0,0,100,100
2021-10-28 10:33:13,7453137,5FvdKtQU5i9LAFGePTbs9AiQLdeA4Yz23NZzTL1dJuczfZz2,134552198193,0,25,100,75
2021-10-28 10:34:31,7453150,5GcB4cdBRzc2zqYc1CeqsCCCzxijcaqZCV2LcP7L4zpQGi67,579594999972,0,100,100,0
2021-10-28 10:35:25,7453159,5ChZKVg7rSyVSLMxEyCRj7WCNPqAQnQicqKFVEYmWbs1hHme,38117513794421,0,100,100,0
2021-10-28 10:35:25,7453159,5ChZKVg7rSyVSLMxEyCRj7WCNPqAQnQicqKFVEYmWbs1hHme,38117513794421,0,100,100,0
2021-10-28 10:36:49,7453173,5Hdjf61YWFZ1ir7FemcqDgCBYfjMSUzKBQaBTUqLY7Bgd5oU,13549000000,100,100,0,0
2021-10-28 10:40:01,7453205,5DksjtJER6oLDWkWKCWcL3f1swPWeNNFsS9zHxa2rPa7LsH9,64313435756394,0,100,100,0
2021-10-28 10:40:13,7453207,5EPuzb8dZ3gMSkibgQUnLV9CC1co4753ggf2zLUpBtUpRD32,,100,100,0,0
2021-10-28 10:40:25,7453209,5Hdz8xGibku1fVqGigiE5LSP5owUvTEhcE53wnCWuoKr7dJD,1.10268E+15,0,100,100,0
2021-10-28 10:43:01,7453234,5EZSfz7PXcq1UrefvE3MpREy7mrtZz7kWMRias5FhTTB4HkV,47262994605,0,100,100,0
2021-10-28 10:46:25,7453268,5GnG4nonRPUSV3hoZYg2Q1QEZg8pBkwHvrNf8aZMAZSQhrPL,785923426835,25,75,75,25
2021-10-28 10:51:37,7453320,5GjGKepNGTyWqmjJbQ1r7RA2jD64Uds8DijGnbRHFGuNtnqQ,4750481233029,0,100,100,0
2021-10-28 10:54:25,7453348,5GTiyviUHYRs9GcpNHV73sUk1tRp34oZ5hVbJkHLc6sYXZvU,832089000000,0,100,100,0
2021-10-28 10:55:01,7453354,5E7GhGpw9NsKY2Mhh4JeAAZpE3XSHApULrD32vEALwYhVriX,4170615269756,0,100,100,0
2021-10-28 10:55:25,7453358,5HBsepE8htaa78qkK8twD73yGZpVmwHysy58q8xQ9kKasHXY,832089000000,0,100,100,0
2021-10-28 10:55:43,7453361,5FYqzd2CLG7ePxEBhwW1GNcNsTESfZ1LjUC2ZkYz8734wh4w,833530523073,0,100,100,0
2021-10-28 10:56:25,7453368,5Gx3n4536UxvdJdQufoezZdtoKPmRiEBNmMMEyBUGNxHkVgb,832089000000,0,100,100,0
2021-10-28 10:59:07,7453394,5ERa4ykefLX7RwZ8qyRvmjZkxwNSedb3NMxbfCkun2mUwzog,19089000000,25,75,75,25
2021-10-28 11:01:43,7453420,5CPYvkURgJsX7JGfSK5a1C7sJEydZqTaFKJ8umCnSaBb4x4o,125432999986,0,100,100,0
2021-10-28 11:02:13,7453425,5CcsgJLszbWyZkeT7KbT28GHhmE2trbRRB9tkcANuLaERZFJ,23926386088745,0,100,100,0
2021-10-28 11:06:19,7453466,5DaHiLLBnhVbtcFM8MhTSFa8Fi649GiFABcfm727hE7EY8Y6,1337059999052,75,100,25,0
2021-10-28 11:09:24,7453496,5EoFBXX4W4wvGt2V7BiCdzrLvxrvtJCB3b6L4xYqANXXFXs3,10843999986,0,100,100,0
2021-10-28 11:10:13,7453505,5FnKtu7Tdy2Zcs4VD2TD8TX8JPEwabafWkPv93F8Cu8ewrub,469082497249,0,100,100,0
2021-10-28 11:12:25,7453527,5HgK7B9TEdR4heJUWSKfXqacRH2UCEPAcWMvtQW8SktFTtdd,20000000000,25,100,75,0
2021-10-28 11:12:31,7453528,5FnHnqF9RpRt36FEBkXivR1U6hEEJF5kXgpLnY87b1XXsJSb,13695000000,50,100,50,0
2021-10-28 11:12:55,7453532,5CSDsG4HuXrHUCvNH4BTa9kLrzFTLqssiUxgW2qW9ghtmhnG,30311548932600,0,100,100,0
2021-10-28 11:15:55,7453562,5G8hXrrD1UKnhibTw9zhMnx6KhMoZ7C56jNfe3BWJeK8QMhy,7821629718839,100,0,0,100
2021-10-28 11:16:07,7453564,5D9ktTqSkRtTovxMg4Ro8iQtGZBBDFqHj6hUeZcSmPgm439z,348480838254,0,100,100,0
2021-10-28 11:18:25,7453587,5D9ktTqSkRtTovxMg4Ro8iQtGZBBDFqHj6hUeZcSmPgm439z,348480838254,0,100,100,0
2021-10-28 11:18:37,7453589,5GjEaPCUwLBBwYM4HWcxFB1YTD8U9VWuUzLqTdRLcTG931Zh,121456255700,75,100,25,0
2021-10-28 11:18:55,7453592,5D7KY7Ch36QnoaGoEY64dYe9TnvGSW2jQAx6DuW6ECVxJKw1,48813354566,0,100,100,0
2021-10-28 11:19:07,7453594,5EHe46LfJiNJ1Lxjd4XtH8mbdvJvHu4LCk1fgkvpY4J7p3Ak,98924999944,100,100,0,0
2021-10-28 11:19:07,7453594,5EHe46LfJiNJ1Lxjd4XtH8mbdvJvHu4LCk1fgkvpY4J7p3Ak,98924999944,100,100,0,0
2021-10-28 11:19:31,7453598,5D9ktTqSkRtTovxMg4Ro8iQtGZBBDFqHj6hUeZcSmPgm439z,348480838254,0,100,100,0
2021-10-28 11:19:37,7453599,5D7KY7Ch36QnoaGoEY64dYe9TnvGSW2jQAx6DuW6ECVxJKw1,48813354566,0,100,100,0
2021-10-28 11:22:31,7453628,5CGHaJfvKS7KiDMGv2wUNCS9Gba3aqZZTqLXoTnCxugE1DaE,1863081100453,100,75,0,25
2021-10-28 11:26:25,7453667,5FjV1czPLVwSFB2MLgbsmJvAZ5eDHWZtFZpUbuFLS9xqDASW,445539600000,100,100,0,0
2021-10-28 11:29:51,7453700,5CZbsZsipr4QXicWxkikA5kgd5PJZ1wMMgwEtQyGQ7gsCcW5,2705589282524,0,100,100,0
2021-10-28 11:37:13,7453773,5H43grFzb1MXpGpNDKaxo27dZwyXFttQeWQbevifeA9krxGL,135051355000,0,0,100,100
2021-10-28 11:42:55,7453830,5H6YK3gPKZZD4aRELHvSbte4jL2x29DBqSQoZuoaVcgAchbh,4129351850177,100,0,0,100
2021-10-28 11:43:01,7453831,5DLxQgjQ1qD9zuytGA8oNBhzbbzKF8o7gYNQSZRzcxZcsQjJ,411997872284,0,100,100,0
2021-10-28 11:43:43,7453838,5Hp8UmYGLK6NVdmcqiYxxzNFuvA7YSiXS3oyeBNEgmtuoqAX,,0,100,100,0
2021-10-28 11:44:44,7453848,5ExfLh71HcYw1igKe7QDt8LKgQhqKAuPyKD9BxXBKBkehQQ6,29089000000,100,25,0,75
2021-10-28 11:48:49,7453888,5HmpMikjPrju7MuiaeUWjzVZEgBT79QtLwBQujc2R7J9uBFH,60000000000,0,75,100,25
2021-10-28 11:50:31,7453905,5CGBEhoZVF1Dq3rbNTgJk29rCxwVDuXBZrGCmcJ9k9XJJgRb,1927674123937,0,50,100,50
2021-10-28 11:51:26,7453914,5E5BUT9LcqNHEude4i7GozN4MAZySiVZ83E1h2CSMNDcGVQk,44189000000,100,100,0,0
2021-10-28 11:54:19,7453943,5CrDDLibeFwDqR8XHWPYy6kNeodiiD1xLXcQgjEssvL6cf5a,5045147310000,100,100,0,0
2021-10-28 11:56:23,7453963,5F9Xq9iqRdVNEsHUkSphhdPfsZ5SVwktDmfP1SU8rjwSY5Td,134846999783,0,100,100,0
2021-10-28 11:57:19,7453973,5Ek9bLsaiVZxfVoREMakSszyLjQtFEHvYm2o1VtW989GUpX8,8781665137852,0,100,100,0
2021-10-28 11:58:55,7453989,5D32fECdYMZoBYx7pXBt6DgGqAcb3fGgups2NqBywaa2H9kn,,0,100,100,0
2021-10-28 12:00:07,7454000,5D2jjkXxyd2FoVPbc8xW6dYneV89sH23qeiTiY36uxA4DiKN,13281984666,0,100,100,0
2021-10-28 12:01:13,7454011,5DnQYoQo13tBakJAEsWZbB12cTKCst8cmcbYzSFfdfmfM6aU,57851336400,0,100,100,0
2021-10-28 12:01:43,7454016,5D7KY7Ch36QnoaGoEY64dYe9TnvGSW2jQAx6DuW6ECVxJKw1,48813354566,0,100,100,0
2021-10-28 12:05:31,7454052,5HQHzPG3JTNtj1q6WuvUUb7LwSaL8WiqMurkQzeNq1r9tHop,11548290575,100,0,0,100
2021-10-28 12:08:07,7454078,5CdL2PFKrbuzFep66vHuADKqLWiZcavANGCUnnS2w7hviCEA,33089000000,25,75,75,25
2021-10-28 12:11:01,7454107,5FeQkFiEYChEFbQXQXzfzKzfJPvJJAv8Sh14E6fkPwwnL6oo,504432999986,50,100,50,0
2021-10-28 12:11:49,7454115,5FZUkV7y48o5wzy1jhjuPkzjiBTfvjy9MpBmoxqXuKqPkMfk,29000000000,75,100,25,0
2021-10-28 12:13:31,7454132,5D7T6xEpqFeAKp6dv8zRFFHrSHmCiCep5XCHJDkujMuEEjNk,5389041045837,100,25,0,75
2021-10-28 12:15:19,7454150,5Gn9Vk5jp3CzumHbqaPjujZ53LnvDzEancMTZVawnsWQW1Gq,51000000000,100,25,0,75
2021-10-28 12:18:31,7454182,5G8ixpBSAimiWFUnv5a6yYrPNhM9ybAiM3j4xNRgXukZeR7V,148589000000,0,100,100,0
2021-10-28 12:21:37,7454213,5GTsdo2pwaGJiKTrrykzX3Pmz2Ck6Z6eoLnosDqh9o8oCT12,10531999956,100,0,0,100
2021-10-28 12:35:07,7454346,5Cu7KHCu4iLzwcusuEbYuUxKHjJSC1if3Lm4PiC34jAayq4R,,50,75,50,25
2021-10-28 12:37:25,7454369,5CFvLS4etTD55HgesFPaHGWZXKTUHn5j1sa8xWE3YXDUdhf9,1441422000000,25,75,75,25
2021-10-28 12:38:07,7454376,5CFvLS4etTD55HgesFPaHGWZXKTUHn5j1sa8xWE3YXDUdhf9,1441422000000,25,75,75,25
2021-10-28 12:38:21,7454378,5CFvLS4etTD55HgesFPaHGWZXKTUHn5j1sa8xWE3YXDUdhf9,1441422000000,25,75,75,25
2021-10-28 12:56:13,7454556,5DPvMrdKgMX7p4tad1Jk8FBYfs72qiG5MVUesp3wmAmoSYdo,618485733700,75,100,25,0
2021-10-28 12:56:13,7454556,5DPvMrdKgMX7p4tad1Jk8FBYfs72qiG5MVUesp3wmAmoSYdo,618485733700,75,100,25,0
2021-10-28 12:59:37,7454586,5F9TobvN2D3zeBXgvmbyh8Rdw3cThLGRqKyHUXovYr38njo9,619356716048,0,100,100,0
2021-10-28 13:00:49,7454598,5HeGYQUMQ2sgN6bocjuNChctenTthnZroLs5hNdiHBC9gmjy,2504247962180,0,75,100,25
2021-10-28 13:13:37,7454726,5Fk8my9PKX7ffCckmGzTxjX77sdYiaPUWP8QVJkvhWv6jDZo,99549000000,0,100,100,0
2021-10-28 13:14:07,7454731,5DZVWsQL9sdtdfNw6mpWhhwA88qzjNgsoTPoCuCoaX32TTpu,7648969661891,100,100,0,0
2021-10-28 13:14:55,7454738,5HQe2VV7zLHRhudXfWXXcPVCLMRhE9magRtyKxnskUQ3XuLo,7222028858218,0,0,100,100
2021-10-28 13:16:19,7454752,5CVUGVyNXuuVGyES438V3mjASsJcQkrwZdvTXTrKs3qSgBrW,6411762999986,0,100,100,0
2021-10-28 13:16:19,7454752,5CVUGVyNXuuVGyES438V3mjASsJcQkrwZdvTXTrKs3qSgBrW,6411762999986,0,100,100,0
2021-10-28 13:16:49,7454757,5E4x7DgUb18JH9bzQzgiyY3SkprUvPP64J2c5TaKGaNwUgYY,,50,50,50,50
2021-10-28 13:17:55,7454768,5EXE1py94tpZjy2BFbcbRHeu8oTZBGCwPxS8craNayVK1jdi,2164945544986,100,100,0,0
2021-10-28 13:18:37,7454775,5HizG73AoVTSQR5N8A2B6e5hEuYJDccgCYwaWYoaZ8ZyazHn,1701116860000,75,25,25,75
2021-10-28 13:21:31,7454804,5EcQYBpU7ccX56kBNCCqoZC19TbTUKNZPH129ksWaAvzftaA,30468500000,25,100,75,0
2021-10-28 13:22:37,7454815,5DccKfQKAV5gAF4cwFBLcXus1X8is1nKL22n3tnYtCD1hZfF,4838945041803,0,100,100,0
2021-10-28 13:23:19,7454822,5CkaUyXAhWztGu3tHv1yxNt2o4kbh7xrtnHhY1pD1wWu3zxQ,222443998325,0,100,100,0
2021-10-28 13:24:13,7454830,5F4RFUjhuiLqX1Nos9vVJhSCBdn67oeQVRF7zYhCZKDGqyub,1002325740245,100,100,0,0
2021-10-28 13:24:55,7454837,5FNM4EG7L62TZsUFxn2C5vSU9c7gdzFfWgt8TkaGdXfrsRKD,49089000000,0,0,100,100
2021-10-28 13:26:01,7454848,5GgHaNVgdAknEuWYMdX9URkRUn3CFrD45Wn6iABmxKXiZQKa,3353323794428,0,100,100,0
2021-10-28 13:27:19,7454861,5G9ogcCbgExLJmNkQUqoqRnPqYHSY5LA68WLA3N1ps4Ldchq,44942179118,100,100,0,0
2021-10-28 13:29:07,7454879,5HdYXXiRZySZqc37PjPuc2iSjERrXgpNV7Xp84WsVvRHFtEx,2215651144091,75,25,25,75
2021-10-28 13:30:55,7454897,5HmNbi9yNjBLceHKpYZ2GRsD8M5kSiVewM6J7JpjSg8TebXN,49589000000,100,100,0,0
2021-10-28 13:31:01,7454898,5Hh6xP6JDx2DuMKZyMG9jueFYMxYJCrCnFJMHPNZ4khEbrTP,13589000000,0,100,100,0
2021-10-28 13:37:37,7454964,5EtCvFpnrZFkteoq2CjBiL9kncSVrZ7Yeu1SZ2LnGeCUoBzP,9749432788457,25,100,75,0
2021-10-28 13:38:07,7454968,5FWhAitPztj65borgmuBumPGAucPEeTSPAN87MMvT8KZFSKL,213997961391,100,100,0,0
2021-10-28 13:44:25,7455031,5DFbszsyMRn53ZzY26asQNnMAj9TgSFXtm44Y96ns1vrxJcK,,25,75,75,25
2021-10-28 13:44:37,7455033,5HThqMosAnppu6UqHkTREzNabaWuQtJjK35MJsnomsqcpFtR,510497235984,100,100,0,0
2021-10-28 13:46:38,7455053,5Da9FQM6ScYEosrJBLPXsiGw11ZjUvjLAaVmasmjxTFRzUSf,198638703241,0,0,100,100
2021-10-28 13:46:55,7455056,5H1Lu8TnioqwJWFmizoSksLmdWSPyLmeikc1Uhqiih5CFxHx,,100,0,0,100
2021-10-28 13:51:07,7455098,5GRVr3fwogZukieNGw5EF7Q7SeFd67Br7tVuTqpmx3CJFPti,66589000000,0,100,100,0
2021-10-28 13:55:19,7455140,5DkY4YAZpg1ocQqj2kRLGFfb33c1p5Y4ZgRt2dNxxbLDudsj,16268999930,75,100,25,0
2021-10-28 13:56:07,7455148,5C5eQ5tZPifh3b5B61btY6B7aVjhyUgH7t6CQvg347KXuuea,10163521374621,100,100,0,0
2021-10-28 14:03:49,7455225,5FNuhWpEdPMwL6ooVuFRo9TwFnz1TVdrHYabrnavkLYJuXpN,14984000000,0,100,100,0
2021-10-28 14:03:56,7455226,5CGEoVxERLZWFXrDwvzXtf64oDJ6qporqMgqoHgS9y2LLECd,138523528366,100,50,0,50
2021-10-28 14:16:25,7455350,5EZqwfU9Xs2MPskQp59r9PnM5DZFoif6pdyco3fE3b9n9Zfu,18589000000,100,100,0,0
2021-10-28 14:16:40,7455351,5EZqwfU9Xs2MPskQp59r9PnM5DZFoif6pdyco3fE3b9n9Zfu,18589000000,100,100,0,0
2021-10-28 14:18:31,7455370,5Cz1e78LPWMhcqdKAUvFhH8smDcZ7vHBAnqG589zbGQerdjB,14549000000,100,100,0,0
2021-10-28 14:20:01,7455385,5E7GKwsYnXKy5aGUjqWggWa3ECTuxD5njk2rWWn1a5ZVVYvX,21589000000,0,100,100,0
2021-10-28 14:33:38,7455519,5DEyWTsENvXe6qmdcBrFnBtDYRm53rrZpELEqcqp29scQjBJ,,75,100,25,0
2021-10-28 14:36:13,7455546,5DnRKW8uUYPvH9PkiDbYAtE7dBrWaWFYX7Tr2Mf2PHozidFF,4120527056700,0,100,100,0
2021-10-28 14:39:55,7455583,5EwAkZjQ4RMf69rnKbwxGK4XWeYC6dn2FEFGVFSkozA6tL7M,9209533849472,0,100,100,0
2021-10-28 14:39:55,7455583,5EwAkZjQ4RMf69rnKbwxGK4XWeYC6dn2FEFGVFSkozA6tL7M,9209533849472,0,100,100,0
2021-10-28 14:51:31,7455698,5FnaD3yPUQBeyrsHZ5MGVMWHLQMcchD7rUwMYS564Enc9Lhw,1541300274874,25,100,75,0
2021-10-28 14:53:07,7455714,5G4UJnF3DdUkFef3YG4hxmuBktY89r6LEtZCfTdpJ7Ncgizu,29589000000,0,100,100,0
2021-10-28 14:59:07,7455774,5GhPK8BTHesdvJNkkBXMJNHNYYuG8619KNNJeMyyznsL2tsJ,20574979032763,0,100,100,0
2021-10-28 15:05:25,7455837,5EkaLBnboE7wZ3ozbJSsMLcbD9ngyR2Js7vLeLvGf5MHJs6G,6107924021934,0,100,100,0
2021-10-28 15:12:43,7455909,5DDYLWja2awDcTiWgw1depGcryETa9Xzc1kXgk8iZwtsKKhr,120589000000,100,100,0,0
2021-10-28 15:13:43,7455919,5HKKzcBiruLQ4AaZZeBMqpao48yNGUyX3obfHamtQ1GHhzD5,48589000000,100,0,0,100
2021-10-28 15:13:43,7455919,5HKKzcBiruLQ4AaZZeBMqpao48yNGUyX3obfHamtQ1GHhzD5,48589000000,100,0,0,100
2021-10-28 15:15:32,7455937,5DrEuELKAZwE1CWNyRDw6ojM3qsqNFVeoxregGFcHeBxhSFJ,,50,25,50,75
2021-10-28 15:19:31,7455977,5D9qYMH73GwkSBkCkfwzfSZciZKDSHkSJEhP9LAhwRxY5eEJ,72070787479,25,100,75,0
2021-10-28 15:21:13,7455994,5Et2DPW9WkV4Cig3RXbZsSJTa8QqPfAttip9aA7Gn4w7RUNi,24276999972,100,100,0,0
2021-10-28 15:21:43,7455999,5DNoPFPcmUasQNP4HVa3QJH6GuQdZmxh1PBT248oioyQz6Ch,789603999986,100,100,0,0
2021-10-28 15:22:07,7456003,5E21ckmJa2Bk5puBLZDx9hiHhuucBNo3kp3yKmnXqUSAyaRh,302589956844991,100,100,0,0
2021-10-28 15:22:27,7456005,5D85JXjmTw1EMsgiaYMXkryfCEyZJcYT31PGNQow3oia2QnQ,10964999944,100,100,0,0
2021-10-28 15:22:28,7456006,5D254JP8v88u3GwLmRjfmBVDjfaAByjN74NMgWGCq4e2VmJs,655552000000,0,0,100,100
2021-10-28 15:22:31,7456007,5CfAWrAQcJ2ZyaFSCeXinKZMQmUaK6EgTa9dJfsLVrKHCaku,1.8095E+15,100,100,0,0
2021-10-28 15:22:49,7456010,5EbjDZNQnzyEo97CH2XMWvRh2dmGZDzbnQBU5MMJdcFUTW92,3130333400329,100,100,0,0